Date,Open,High,Low,Close,Volume,Dividends,Stock Splits
2021-06-01 00:00:00-04:00,241.10461065045544,241.16219011250507,237.00671606727997,237.42897033691406,23213300,0.0,0.0
2021-06-02 00:00:00-04:00,238.1295578675878,239.22361157042198,235.9318441224372,237.3330078125,19406700,0.0,0.0
2021-06-03 00:00:00-04:00,235.33684170241455,236.41169739236216,233.20631371426092,235.80709838867188,25307700,0.0,0.0
2021-06-04 00:00:00-04:00,237.77446253573572,241.50768232361588,237.53453834719892,240.68234252929688,25281100,0.0,0.0
2021-06-07 00:00:00-04:00,239.90497213832194,243.84932608170533,239.74182545986196,243.5806121826172,23079200,0.0,0.0
2021-06-08 00:00:00-04:00,244.87622075345962,245.69196883019157,242.3330156367018,242.39060974121094,22455000,0.0,0.0
2021-06-09 00:00:00-04:00,243.58064130243469,245.23132096206123,243.00483201146952,243.3695068359375,17937600,0.0,0.0
2021-06-10 00:00:00-04:00,244.04127308607627,247.08350993870562,243.4462658042312,246.87237548828125,24563600,0.0,0.0
2021-06-11 00:00:00-04:00,247.59211627377962,248.0719645734149,246.26773028076767,247.4961700439453,18999700,0.0,0.0
2021-06-14 00:00:00-04:00,247.50578718025523,249.4731830999678,246.45011489255833,249.4156036376953,19150500,0.0,0.0
2021-06-15 00:00:00-04:00,249.30042636423005,249.5115608310335,247.29466357340826,247.94725036621094,18038900,0.0,0.0
2021-06-16 00:00:00-04:00,248.94530582063734,250.07774084164856,244.16602059107635,247.00672912597656,27220000,0.0,0.0
2021-06-17 00:00:00-04:00,245.74955009057246,251.2006205192293,245.6919706294516,250.38487243652344,27565500,0.0,0.0
2021-06-18 00:00:00-04:00,249.16602634734727,251.7283998004435,248.32148867568787,248.9740753173828,37202200,0.0,0.0
2021-06-21 00:00:00-04:00,249.34837516306666,252.89923497520954,247.5249574987105,252.0451202392578,26696100,0.0,0.0
2021-06-22 00:00:00-04:00,252.1315049199105,255.07778066280747,251.82439496305233,254.80906677246094,24694100,0.0,0.0
2021-06-23 00:00:00-04:00,255.26965695245312,256.0757984799058,253.77253278895358,254.57867431640625,19518700,0.0,0.0
2021-06-24 00:00:00-04:00,255.43289021487416,257.05478006360823,254.77069711508946,255.9415283203125,21446900,0.0,0.0
2021-06-25 00:00:00-04:00,255.50002957701327,256.4789095394784,254.08927444096972,254.33877563476562,25611100,0.0,0.0
2021-06-28 00:00:00-04:00,255.46170811912478,258.0624783950666,255.19299417128897,257.8897399902344,19590000,0.0,0.0
2021-06-29 00:00:00-04:00,258.03363852255484,260.70159408895256,257.1795237173201,260.461669921875,19937800,0.0,0.0
2021-06-30 00:00:00-04:00,259.7802529375048,260.42323320384054,258.7341872468465,259.9817810058594,21656500,0.0,0.0
2021-07-01 00:00:00-04:00,258.7438091696623,260.88394332062984,258.7342321183935,260.65362548828125,16725300,0.0,0.0
2021-07-02 00:00:00-04:00,261.82439577231037,266.7956164160723,261.51728587546654,266.459716796875,26458000,0.0,0.0
2021-07-06 00:00:00-04:00,266.82450452254136,268.11049474118505,263.2448248561012,266.46942138671875,31565600,0.0,0.0
2021-07-07 00:00:00-04:00,268.1393110275168,269.3773282430186,265.9799929781562,268.64794921875,23260000,0.0,0.0
2021-07-08 00:00:00-04:00,265.74007459350395,267.49633638000387,263.79189099319393,266.2391357421875,24618600,0.0,0.0
2021-07-09 00:00:00-04:00,264.6075400651112,266.8436201918425,264.2236672937446,266.7380676269531,23916700,0.0,0.0
2021-07-12 00:00:00-04:00,267.9089967844055,268.4943978499109,265.4329623197288,266.1431579589844,18931700,0.0,0.0
2021-07-13 00:00:00-04:00,266.3350372176916,271.45023740575635,266.2103012391227,269.6556091308594,26120100,0.0,0.0
2021-07-14 00:00:00-04:00,270.9704378944242,272.2276385475832,269.24296582329544,271.1239929199219,23113700,0.0,0.0
2021-07-15 00:00:00-04:00,270.63442855853714,271.1238831737116,268.5518741472632,269.7035217285156,22604200,0.0,0.0
2021-07-16 00:00:00-04:00,270.7016516270204,272.6498347308158,268.19682804350134,269.4348449707031,26186800,0.0,0.0
2021-07-19 00:00:00-04:00,267.68821296919947,269.0701786607104,263.3887901846065,265.8456115722656,32935600,0.0,0.0
2021-07-20 00:00:00-04:00,266.8244526302893,269.64596306299137,265.1258001402408,268.0624694824219,26259700,0.0,0.0
2021-07-21 00:00:00-04:00,267.65944319932055,270.1738442376785,266.1143453427813,270.0586853027344,24364300,0.0,0.0
2021-07-22 00:00:00-04:00,272.40034572584136,274.87637995751953,271.99728945681113,274.607666015625,23384100,0.0,0.0
2021-07-23 00:00:00-04:00,275.78801102778897,278.30241146815854,274.9530796603886,277.9953308105469,22768100,0.0,0.0
2021-07-26 00:00:00-04:00,277.35232595583216,278.01451897326893,275.08745596802055,277.4002990722656,23176100,0.0,0.0
2021-07-27 00:00:00-04:00,277.76502450299625,277.9089731585834,271.54620828066527,274.99151611328125,33604100,0.0,0.0
2021-07-28 00:00:00-04:00,277.34276730213355,278.4560190983951,272.3907283274344,274.6844177246094,33566900,0.0,0.0
2021-07-29 00:00:00-04:00,274.70353348763825,276.9876159825094,274.5499785237899,274.95306396484375,18168300,0.0,0.0
2021-07-30 00:00:00-04:00,273.6767461132666,275.10668495635474,272.4675187874959,273.4272155761719,20944800,0.0,0.0
2021-08-02 00:00:00-04:00,274.8187321390319,275.2122112993794,272.3043314785068,273.3408203125,16267400,0.0,0.0
2021-08-03 00:00:00-04:00,273.91665931799884,275.6537080927837,272.5538770462147,275.5481262207031,17879000,0.0,0.0
2021-08-04 00:00:00-04:00,274.68444825278436,275.9992283215032,273.17771708876165,274.9627685546875,16191300,0.0,0.0
2021-08-05 00:00:00-04:00,275.317855802354,277.95702231995693,274.56929337977533,277.8514404296875,13900200,0.0,0.0
2021-08-06 00:00:00-04:00,276.8820984514025,277.83218879233317,276.02795434835366,277.7937927246094,16589300,0.0,0.0
2021-08-09 00:00:00-04:00,278.07213285524966,279.7995752873609,276.2103188203015,276.7093505859375,16117600,0.0,0.0
2021-08-10 00:00:00-04:00,277.16040859309794,277.5922838439448,273.70552373680465,274.8955383300781,18616600,0.0,0.0
2021-08-11 00:00:00-04:00,275.63448047398396,277.02605240134324,274.338884073963,275.3849792480469,13955900,0.0,0.0
2021-08-12 00:00:00-04:00,275.0778410317268,278.28322415990436,274.7995208173079,278.1296691894531,14561300,0.0,0.0
2021-08-13 00:00:00-04:00,277.81303719840986,281.09518381779094,277.64026951768847,281.0472106933594,18249000,0.0,0.0
2021-08-16 00:00:00-04:00,281.37344781790824,282.9377579581513,278.33119671669976,282.72662353515625,22507600,0.0,0.0
2021-08-17 00:00:00-04:00,280.60571955216835,281.6037829881996,279.34848998709674,281.26788330078125,20075300,0.0,0.0
2021-08-18 00:00:00-04:00,280.8064519186895,283.4795157822408,279.1045176293655,279.5468444824219,21813000,0.56,0.0
2021-08-19 00:00:00-04:00,277.5852791245708,286.0275472712108,277.5372141574895,285.3544616699219,29850500,0.0,0.0
2021-08-20 00:00:00-04:00,288.19099349843,294.07557732948726,286.5948434162002,292.6524963378906,40817600,0.0,0.0
2021-08-23 00:00:00-04:00,291.58513292551737,293.6524247840349,290.23899143697224,292.9312744140625,22830200,0.0,0.0
2021-08-24 00:00:00-04:00,293.28707625697854,293.892847343343,290.38325427792677,290.9794006347656,18175800,0.0,0.0
2021-08-25 00:00:00-04:00,292.5948057108051,292.87365880728834,288.86407816857775,290.3929138183594,20006100,0.0,0.0
2021-08-26 00:00:00-04:00,289.41199099244966,290.7966017340788,287.4504835615392,287.5850830078125,17666100,0.0,0.0
2021-08-27 00:00:00-04:00,287.4890790455241,289.2967678980411,285.4121618113785,288.1910095214844,22605700,0.0,0.0
2021-08-30 00:00:00-04:00,289.5370889044811,292.51784992119383,289.4793992168539,291.9120788574219,16348100,0.0,0.0
2021-08-31 00:00:00-04:00,292.7102186066526,292.7871284221074,289.9025261716433,290.2679138183594,26285300,0.0,0.0
2021-09-01 00:00:00-04:00,291.2198217734967,293.45058787896966,289.8929000496603,290.2198181152344,18983800,0.0,0.0
2021-09-02 00:00:00-04:00,290.57554613458024,291.69089959705036,288.6332289446876,289.56591796875,16285600,0.0,0.0
2021-09-03 00:00:00-04:00,289.4120818879158,290.96016674016533,288.7101809142856,289.55633544921875,14747900,0.0,0.0
2021-09-07 00:00:00-04:00,289.4313599194175,289.5082697285104,286.7294517158089,288.6332702636719,17180400,0.0,0.0
2021-09-08 00:00:00-04:00,288.248626330133,289.04668654196234,286.0274854074498,288.6620788574219,15046800,0.0,0.0
2021-09-09 00:00:00-04:00,289.2486315123154,290.51786328819594,285.5755650140941,285.8159484863281,19927000,0.0,0.0
2021-09-10 00:00:00-04:00,286.9410140892641,288.38331521441347,284.01794225939454,284.3352355957031,19633400,0.0,0.0
2021-09-13 00:00:00-04:00,286.1043745569801,287.0563129863409,282.767851049367,285.56591796875,23652900,0.0,0.0
2021-09-14 00:00:00-04:00,288.0371068920759,289.7967304480166,286.6332755453167,288.2582702636719,21853400,0.0,0.0
2021-09-15 00:00:00-04:00,291.5947969733447,293.57555457579934,290.2101857287975,293.09478759765625,28356300,0.0,0.0
2021-09-16 00:00:00-04:00,292.07553887775646,293.565904644582,289.19093725653136,293.4793701171875,19550800,0.0,0.0
2021-09-17 00:00:00-04:00,292.4698499713523,292.78714332382805,288.0083175119213,288.3352355957031,41372500,0.0,0.0
2021-09-20 00:00:00-04:00,284.93140536294595,287.2294860954919,278.383360066102,282.9794921875,38278700,0.0,0.0
2021-09-21 00:00:00-04:00,284.3160456232451,286.09488973494166,282.7583649379166,283.46026611328125,22364100,0.0,0.0
2021-09-22 00:00:00-04:00,285.3159733040297,288.6717173261203,283.18136680799097,287.09478759765625,26626300,0.0,0.0
2021-09-23 00:00:00-04:00,287.35442848279695,289.32556135418525,286.085196618995,288.037109375,18604600,0.0,0.0
2021-09-24 00:00:00-04:00,286.7583221103223,288.26790832981595,285.5083101876047,287.8352355957031,14999000,0.0,0.0
2021-09-27 00:00:00-04:00,284.7486540480037,285.0659473135494,281.67173392975803,282.85443115234375,23571700,0.0,0.0
2021-09-28 00:00:00-04:00,278.6525374846611,279.59485135493725,271.87373461890644,272.6141052246094,43186200,0.0,0.0
2021-09-29 00:00:00-04:00,274.13340760514626,275.7391532943879,272.1238046387394,273.0757141113281,26353700,0.0,0.0
2021-09-30 00:00:00-04:00,274.71984547108286,276.7582926672313,270.78717529668586,271.0756530761719,32343600,0.0,0.0
2021-10-01 00:00:00-04:00,271.2679145751983,278.82558560260657,270.4698544217859,277.97943115234375,30086300,0.0,0.0
2021-10-04 00:00:00-04:00,276.3448682644361,276.6814110362589,269.4699059701531,272.2198791503906,31350700,0.0,0.0
2021-10-05 00:00:00-04:00,273.12371126636924,279.22945781834716,273.12371126636924,277.6525573730469,24993000,0.0,0.0
2021-10-06 00:00:00-04:00,274.78714430445336,282.3351909458261,274.52754072695535,281.8351745605469,28002600,0.0,0.0
2021-10-07 00:00:00-04:00,283.82556353271264,285.2294241243567,282.61405079814455,283.5082702636719,20430500,0.0,0.0
2021-10-08 00:00:00-04:00,284.8255669837104,285.2294241243567,282.4602018561691,283.5082702636719,17685700,0.0,0.0
2021-10-11 00:00:00-04:00,281.65259355026353,286.50832922582435,281.4891198350352,282.9122009277344,19298600,0.0,0.0
2021-10-12 00:00:00-04:00,283.979409290472,284.07556854608913,281.10443241273595,281.6140441894531,17974100,0.0,0.0
2021-10-13 00:00:00-04:00,283.5659981485587,285.84482905516467,282.20060694439593,284.9121398925781,23416300,0.0,0.0
2021-10-14 00:00:00-04:00,287.700592428169,291.6044182903468,286.3736707555064,291.10443115234375,27262900,0.0,0.0
2021-10-15 00:00:00-04:00,290.71023658361656,292.7390889350849,288.9602373568644,292.50830078125,25384800,0.0,0.0
2021-10-18 00:00:00-04:00,291.89281968974484,296.35432121688916,291.0466652595065,295.4697265625,22729300,0.0,0.0
2021-10-19 00:00:00-04:00,296.489006090617,297.40244575766764,295.4024680074294,296.3736267089844,17682100,0.0,0.0
2021-10-20 00:00:00-04:00,297.3159240470741,297.787095667317,294.3351627369978,295.5851745605469,16537100,0.0,0.0
2021-10-21 00:00:00-04:00,295.35446184191204,299.0563448955344,294.57559217346744,298.8063659667969,16918100,0.0,0.0
2021-10-22 00:00:00-04:00,298.46017618446604,299.1236370552111,295.96018167739544,297.26788330078125,17449300,0.0,0.0
2021-10-25 00:00:00-04:00,297.46007254046384,297.49854210743507,294.67163048052896,296.27740478515625,17554500,0.0,0.0
2021-10-26 00:00:00-04:00,299.03708430610516,300.3832260837612,296.7294084953105,298.1813049316406,28107300,0.0,0.0
2021-10-27 00:00:00-04:00,303.8447111727647,313.5562093922769,303.8447111727647,310.7389221191406,52588700,0.0,0.0
2021-10-28 00:00:00-04:00,311.85437724483006,312.3736139341763,308.9986194689687,311.8736267089844,26297900,0.0,0.0
2021-10-29 00:00:00-04:00,311.6620115299265,319.2292792064878,311.44084815229064,318.8638916015625,34766000,0.0,0.0
2021-11-01 00:00:00-04:00,318.6139133681184,318.7389174914313,313.81586777864834,316.7004699707031,27073200,0.0,0.0
2021-11-02 00:00:00-04:00,317.60429349098206,320.62352433879016,317.30622029819705,320.3158264160156,26487100,0.0,0.0
2021-11-03 00:00:00-04:00,321.05621499337065,322.017749048064,317.93122931561726,321.1523742675781,21500100,0.0,0.0
2021-11-04 00:00:00-04:00,320.08507064099814,323.59466390839987,316.83508099254163,323.4985046386719,23992200,0.0,0.0
2021-11-05 00:00:00-04:00,325.4888262621695,325.7580545608874,321.55615641775836,323.133056640625,22570100,0.0,0.0
2021-11-08 00:00:00-05:00,324.3255085890993,324.66205146381077,321.5755345681331,324.0274353027344,20897000,0.0,0.0
2021-11-09 00:00:00-05:00,324.1426973147689,325.69078224022303,321.6619526233949,323.02734375,21307400,0.0,0.0
2021-11-10 00:00:00-05:00,321.7003488624345,321.75803853905813,317.2292228620169,318.0753479003906,25500900,0.0,0.0
2021-11-11 00:00:00-05:00,318.50812767039145,320.9311827118845,317.7966019223306,319.6427307128906,16849800,0.0,0.0
2021-11-12 00:00:00-05:00,321.07541697774906,324.258091880674,320.9504128741325,323.7677001953125,23831000,0.0,0.0
2021-11-15 00:00:00-05:00,324.5561561818509,324.88307418193443,321.18116285112575,323.1427001953125,16723000,0.0,0.0
2021-11-16 00:00:00-05:00,322.7677173822912,327.5657918667416,322.60427303916015,326.4504089355469,20886800,0.0,0.0
2021-11-17 00:00:00-05:00,326.498489337903,329.62919118101644,325.5929916837979,326.671875,19053400,0.62,0.0
2021-11-18 00:00:00-05:00,325.7664999341988,329.87978087178396,324.74541145445266,328.7430725097656,22463500,0.0,0.0
2021-11-19 00:00:00-05:00,330.06275288893943,332.4324456190178,329.63890158471446,330.5154724121094,21963400,0.0,0.0
2021-11-22 00:00:00-05:00,331.9700474366429,336.8346949958714,327.0861445993955,327.3558654785156,31031100,0.0,0.0
2021-11-23 00:00:00-05:00,324.6779411746802,326.9898682292672,321.31605752223925,325.2848205566406,30427600,0.0,0.0
2021-11-24 00:00:00-05:00,323.9362057016911,325.7472014512142,321.65320573565054,325.5063781738281,21661300,0.0,0.0
2021-11-26 00:00:00-05:00,322.07702143466366,325.52559745058403,316.07569544288083,317.57843017578125,24217200,0.0,0.0
2021-11-29 00:00:00-05:00,322.645439060566,326.5853048710873,322.45276865427024,324.2734069824219,28563500,0.0,0.0
2021-11-30 00:00:00-05:00,323.0114962502423,325.3811893890692,316.9138335793029,318.4551086425781,42885600,0.0,0.0
2021-12-01 00:00:00-05:00,322.82836149169225,326.8260212365159,317.29906952934004,317.9637145996094,33337600,0.0,0.0
2021-12-02 00:00:00-05:00,318.1756812750894,321.2485884430419,315.76744866054173,317.3954162597656,30766000,0.0,0.0
2021-12-03 00:00:00-05:00,319.8036423557392,320.48760157043654,306.3560799414712,311.1532897949219,41779300,0.0,0.0
2021-12-06 00:00:00-05:00,312.058785775437,315.43031134746263,307.51204154241043,314.216552734375,30032600,0.0,0.0
2021-12-07 00:00:00-05:00,319.4664988261164,323.4737717636202,317.9830194018074,322.6260986328125,31021900,0.0,0.0
2021-12-08 00:00:00-05:00,323.0018325584716,323.18486061373886,318.657370926668,322.67431640625,24761000,0.0,0.0
2021-12-09 00:00:00-05:00,322.13480572641566,324.1384421698019,319.9288565931606,320.8728942871094,22214200,0.0,0.0
2021-12-10 00:00:00-05:00,322.68393709248,330.4095372641144,322.5009090494943,329.9664306640625,38095700,0.0,0.0
2021-12-13 00:00:00-05:00,328.17463366758005,331.1704900151728,326.63335907507167,326.9416198730469,28899400,0.0,0.0
2021-12-14 00:00:00-05:00,320.98850283752,322.3563918673137,312.2128880966609,316.2876281738281,44438700,0.0,0.0
2021-12-15 00:00:00-05:00,316.54775928331173,322.88624490056276,312.5886384053127,322.3660583496094,35381100,0.0,0.0
2021-12-16 00:00:00-05:00,323.38707150321426,324.39854675005074,311.16288148400196,312.973876953125,35034800,0.0,0.0
2021-12-17 00:00:00-05:00,309.1015373797269,312.9932502732076,305.6047782395522,311.9143371582031,47750300,0.0,0.0
2021-12-20 00:00:00-05:00,308.30192948085835,310.95098537340476,305.9129815266249,308.1670837402344,28326500,0.0,0.0
2021-12-21 00:00:00-05:00,311.42304210587787,315.7000659257097,308.06112911488344,315.2762145996094,24740600,0.0,0.0
2021-12-22 00:00:00-05:00,316.24913921677904,321.36422365049356,313.7927533668709,320.96929931640625,24831500,0.0,0.0
2021-12-23 00:00:00-05:00,320.5357502177873,324.0421508973986,320.5164949405719,322.404541015625,19617800,0.0,0.0
2021-12-27 00:00:00-05:00,323.1462915394775,329.90862784139654,323.11739392269027,329.8797302246094,19947000,0.0,0.0
2021-12-28 00:00:00-05:00,330.5540364945737,331.18981349731865,327.827929831812,328.7237854003906,15661500,0.0,0.0
2021-12-29 00:00:00-05:00,328.77190728660776,331.6617864461058,327.2113772440582,329.3980712890625,15042000,0.0,0.0
2021-12-30 00:00:00-05:00,329.3595803926416,330.53479926844375,326.38300794269304,326.8646545410156,15994500,0.0,0.0
2021-12-31 00:00:00-05:00,326.08434561446063,326.90312120375734,323.5219825277928,323.9747314453125,18000800,0.0,0.0
2022-01-03 00:00:00-05:00,323.04032300520043,325.5930436513956,317.6747737807834,322.46234130859375,28865100,0.0,0.0
2022-01-04 00:00:00-05:00,322.5393874417457,322.89583055126775,314.1491135080895,316.93304443359375,32674300,0.0,0.0
2022-01-05 00:00:00-05:00,313.8985991152846,314.1009117831904,304.381290295682,304.7666015625,40054300,0.0,0.0
2022-01-06 00:00:00-05:00,301.65524488813156,307.0015395240339,300.0561747269668,302.35845947265625,39646100,0.0,0.0
2022-01-07 00:00:00-05:00,302.61852137240913,304.88226603603744,298.7075537396608,302.5125732421875,32720000,0.0,0.0
2022-01-10 00:00:00-05:00,298.1296207831316,303.1676551016723,293.50582490722064,302.7341613769531,44289500,0.0,0.0
2022-01-11 00:00:00-05:00,301.8768158812795,304.9882339809429,298.5149321522782,303.4180908203125,29386800,0.0,0.0
2022-01-12 00:00:00-05:00,307.9359447652065,311.5386518627093,305.4409895513784,306.5873107910156,34372200,0.0,0.0
2022-01-13 00:00:00-05:00,308.7065406516053,309.1014943499301,292.84110213316677,293.6117248535156,45366000,0.0,0.0
2022-01-14 00:00:00-05:00,293.0819317744249,299.4107746285059,292.6002852144012,298.81353759765625,39846400,0.0,0.0
2022-01-18 00:00:00-05:00,292.90853854423693,298.42818916600646,290.66404916965183,291.5406494140625,42333200,0.0,0.0
2022-01-19 00:00:00-05:00,295.0470782257124,302.3873676008085,291.58885921501854,292.1957092285156,45933900,0.0,0.0
2022-01-20 00:00:00-05:00,297.7249746936836,300.2102576999121,290.08606825576,290.5291748046875,35380700,0.0,0.0
2022-01-21 00:00:00-05:00,291.57917037846426,292.9470300221771,284.7590392453866,285.16363525390625,57984400,0.0,0.0
2022-01-24 00:00:00-05:00,281.4742344395524,286.20397733564954,265.9170285250383,285.49114990234375,85731500,0.0,0.0
2022-01-25 00:00:00-05:00,280.8192289411712,284.1618575908213,274.7023405114224,277.90045166015625,72848600,0.0,0.0
2022-01-26 00:00:00-05:00,296.68467202710303,297.1759609807795,282.27381356056463,285.8187255859375,90428900,0.0,0.0
2022-01-27 00:00:00-05:00,291.55032568742257,296.0199908832467,286.9939382332395,288.8338317871094,53481300,0.0,0.0
2022-01-28 00:00:00-05:00,289.2095201733317,297.1566888577396,283.64168680427184,296.94476318359375,49743700,0.0,0.0
2022-01-31 00:00:00-05:00,297.6094876295266,300.9135767134534,295.1241743625076,299.5649719238281,46444500,0.0,0.0
2022-02-01 00:00:00-05:00,299.01585004253747,299.2277757254821,293.92966304924204,297.4264221191406,40950400,0.0,0.0
2022-02-02 00:00:00-05:00,298.26445765509385,303.5529275513087,297.54198780490606,301.953857421875,36636000,0.0,0.0
2022-02-03 00:00:00-05:00,298.12957287633566,299.8057228648471,288.9493907856898,290.1920471191406,43730000,0.0,0.0
2022-02-04 00:00:00-05:00,289.19027962588194,297.4649657244344,288.9590986360355,294.7099609375,35096500,0.0,0.0
2022-02-07 00:00:00-05:00,294.931467433284,296.5401504808717,288.89160075762936,289.903076171875,28533300,0.0,0.0
2022-02-08 00:00:00-05:00,290.19208646707324,294.3438779498826,288.93981702301244,293.3805847167969,32421200,0.0,0.0
2022-02-09 00:00:00-05:00,298.49559837334124,300.47997960930934,296.10665053831843,299.7864074707031,31284700,0.0,0.0
2022-02-10 00:00:00-05:00,292.8796180366124,297.7731336434456,289.6622228774468,291.2805480957031,45386200,0.0,0.0
2022-02-11 00:00:00-05:00,292.06085534207085,293.12048369685596,283.4201145266006,284.21002197265625,39175600,0.0,0.0
2022-02-14 00:00:00-05:00,282.98664750834394,285.8669143164562,280.6554943055546,284.1715087890625,36359500,0.0,0.0
2022-02-15 00:00:00-05:00,288.9975367703456,289.7585170595813,286.11727076561556,289.4406433105469,27058300,0.0,0.0
2022-02-16 00:00:00-05:00,288.0120371225755,290.42524925713894,283.484848801482,289.1028137207031,29982100,0.62,0.0
2022-02-17 00:00:00-05:00,286.07189021755596,286.49661803620563,279.9326908613435,280.6373596191406,32461600,0.0,0.0
2022-02-18 00:00:00-05:00,282.87676387601726,283.65864238707985,276.3707522552186,277.93450927734375,34264000,0.0,0.0
2022-02-22 00:00:00-05:00,275.10620482012695,281.4191765053362,274.6235623555302,277.7317810058594,41736100,0.0,0.0
2022-02-23 00:00:00-05:00,280.1064459602223,281.5736982844178,270.37638432486085,270.54046630859375,37811200,0.0,0.0
2022-02-24 00:00:00-05:00,263.0498031628359,284.9135007247491,262.094151059809,284.36328125,56989700,0.0,0.0
2022-02-25 00:00:00-05:00,284.8941789810283,287.2977287820881,281.5253148914239,286.98883056640625,32546700,0.0,0.0
2022-02-28 00:00:00-05:00,284.0930236175549,288.7553666251348,282.8285026347826,288.4175109863281,34627500,0.0,0.0
2022-03-01 00:00:00-05:00,286.1103996346633,289.55647332988616,282.0079393664894,284.71075439453125,31217800,0.0,0.0
2022-03-02 00:00:00-05:00,285.10648754064266,291.00439263836535,283.5041407905039,289.7688293457031,31873000,0.0,0.0
2022-03-03 00:00:00-05:00,292.37516228556973,292.60682123875046,283.84201770674827,285.6471252441406,27314500,0.0,0.0
2022-03-04 00:00:00-05:00,284.0737820956071,285.39621807063804,277.20095637025474,279.79754638671875,32356500,0.0,0.0
2022-03-07 00:00:00-05:00,278.5136987489001,279.63343295977313,268.86084809464484,269.2276611328125,43157200,0.0,0.0
2022-03-08 00:00:00-05:00,268.1561834951562,274.10234312414246,260.6269716528933,266.2738952636719,48159500,0.0,0.0
2022-03-09 00:00:00-05:00,273.6003711570887,279.5465300399745,271.03270963096804,278.4847106933594,35204500,0.0,0.0
2022-03-10 00:00:00-05:00,273.1949611124185,276.6506980483507,270.83966326078166,275.6757507324219,30628000,0.0,0.0
2022-03-11 00:00:00-05:00,277.9634650523489,279.4596745025475,269.72958504143236,270.3473815917969,27209300,0.0,0.0
2022-03-14 00:00:00-04:00,270.6079583933382,275.4922975054639,266.2448813621328,266.8433532714844,30660700,0.0,0.0
2022-03-15 00:00:00-04:00,270.6176534268287,277.8283334961411,269.0538964529326,277.18157958984375,34245100,0.0,0.0
2022-03-16 00:00:00-04:00,279.07355459724573,284.34403232991673,273.3687457127895,284.1702880859375,37826300,0.0,0.0
2022-03-17 00:00:00-04:00,283.10847290668306,285.34791193212243,279.32454238410753,284.9714660644531,30816600,0.0,0.0
2022-03-18 00:00:00-04:00,285.11620984529543,290.55076880569743,282.56787290557435,290.00054931640625,43390600,0.0,0.0
2022-03-21 00:00:00-04:00,288.51398088334355,289.7205868535309,284.6624745949612,288.77459716796875,28351200,0.0,0.0
2022-03-22 00:00:00-04:00,289.3923936093338,294.4118867402999,288.39815136686497,293.5045166015625,27599700,0.0,0.0
2022-03-23 00:00:00-04:00,290.07784087692966,292.7034175820103,287.38468714348056,289.0932312011719,25715400,0.0,0.0
2022-03-24 00:00:00-04:00,288.7553468713274,293.6396862396896,287.96380616213776,293.54315185546875,24484500,0.0,0.0
2022-03-25 00:00:00-04:00,294.6339351738191,294.8945515047454,288.9001402281707,293.1377258300781,22566500,0.0,0.0
2022-03-28 00:00:00-04:00,293.76520217210094,300.0105979612611,293.76520217210094,299.9140930175781,29578200,0.0,0.0
2022-03-29 00:00:00-04:00,303.01258292097964,304.8562805932184,298.3212830440557,304.46051025390625,30393400,0.0,0.0
2022-03-30 00:00:00-04:00,302.86785052906407,304.9818271718414,300.763506705358,302.96435546875,28163600,0.0,0.0
2022-03-31 00:00:00-04:00,303.0029027856713,304.19987600855126,297.20156097857216,297.6069641113281,33422100,0.0,0.0
2022-04-01 00:00:00-04:00,298.6301238516783,299.3637496525615,294.9330964008012,298.67840576171875,27110500,0.0,0.0
2022-04-04 00:00:00-04:00,299.32520192359516,304.1709216917822,298.9583889350334,304.0357971191406,24289600,0.0,0.0
2022-04-05 00:00:00-04:00,302.3947841023135,303.93924580373067,299.11282139815006,300.0877685546875,23156700,0.0,0.0
2022-04-06 00:00:00-04:00,294.59528689562205,296.3424501243935,286.4096607302466,289.1028137207031,40110400,0.0,0.0
2022-04-07 00:00:00-04:00,286.36150455996227,293.10883853038496,286.06226851131066,290.9079895019531,31411200,0.0,0.0
2022-04-08 00:00:00-04:00,290.0102459043335,290.6666326754491,285.99465651807475,286.66070556640625,24361900,0.0,0.0
2022-04-11 00:00:00-04:00,281.66045568500346,282.4519668205672,275.10616374606843,275.3571472167969,34569300,0.0,0.0
2022-04-12 00:00:00-04:00,279.1990191393396,280.64694661427023,270.7527755355778,272.2682800292969,30966700,0.0,0.0
2022-04-13 00:00:00-04:00,272.91496579941685,278.56185797543264,271.53458622971164,277.63519287109375,21907200,0.0,0.0
2022-04-14 00:00:00-04:00,278.0888615148956,278.3012253240348,269.62332542786766,270.1156005859375,28221600,0.0,0.0
2022-04-18 00:00:00-04:00,269.22758288237094,272.654332085389,268.67736348503956,270.78167724609375,20778000,0.0,0.0
2022-04-19 00:00:00-04:00,269.68128222004106,276.23557450537356,268.74495475070785,275.395751953125,22297700,0.0,0.0
2022-04-20 00:00:00-04:00,279.3535119212298,279.643115136363,275.46341400907323,276.4190368652344,22906700,0.0,0.0
2022-04-21 00:00:00-04:00,278.56180435417696,283.117948639199,270.3375905377005,271.0615539550781,29454600,0.0,0.0
2022-04-22 00:00:00-04:00,271.90148401826906,273.3687361378023,263.8896299394481,264.5170593261719,29405800,0.0,0.0
2022-04-25 00:00:00-04:00,263.8027620781208,271.3512688528921,261.3702248757031,270.9748229980469,35678900,0.0,0.0
2022-04-26 00:00:00-04:00,267.86659887115906,268.6967298664818,260.62696106383044,260.8393249511719,46518400,0.0,0.0
2022-04-27 00:00:00-04:00,272.30685567741426,280.86892738240044,269.46891592845344,273.3879699707031,63477700,0.0,0.0
2022-04-28 00:00:00-04:00,275.28957261335694,280.8785798159734,271.6890497286869,279.575439453125,33646600,0.0,0.0
2022-04-29 00:00:00-04:00,278.59090237715037,279.81683323611406,266.9013146355611,267.8858947753906,37073900,0.0,0.0
2022-05-02 00:00:00-04:00,268.0693285407094,275.0483507224174,266.6310631057197,274.59466552734375,35151100,0.0,0.0
2022-05-03 00:00:00-04:00,274.10233066665234,274.26644208441866,270.4245970349058,271.9980163574219,25978600,0.0,0.0
2022-05-04 00:00:00-04:00,272.77983068105766,280.7820499971457,267.1232758393873,279.9132995605469,33599300,0.0,0.0
2022-05-05 00:00:00-04:00,275.6274254599327,276.40930377828715,264.8162240963305,267.72174072265625,43260400,0.0,0.0
2022-05-06 00:00:00-04:00,265.26995885904273,269.55582646003774,261.8528418348636,265.1927490234375,37780300,0.0,0.0
2022-05-09 00:00:00-04:00,260.6848683023518,262.9050120493982,254.17885674013965,255.3950958251953,47726000,0.0,0.0
2022-05-10 00:00:00-04:00,262.2582942158993,264.24677903665463,255.86811198044657,260.1443176269531,39336400,0.0,0.0
2022-05-11 00:00:00-04:00,256.45689072291424,261.93970200384274,250.298368214071,251.50497436523438,48975900,0.0,0.0
2022-05-12 00:00:00-04:00,248.74426727264887,250.8582435521003,241.3405338858611,246.48550415039062,51033800,0.0,0.0
2022-05-13 00:00:00-04:00,248.41609257198036,253.90856640021337,246.48552263469378,252.05520629882812,34925100,0.0,0.0
2022-05-16 00:00:00-04:00,250.9354652701601,256.59205034843524,246.9005812826205,252.42201232910156,32550900,0.0,0.0
2022-05-17 00:00:00-04:00,256.87199942771946,259.01493349139474,253.348714764612,257.557373046875,28828800,0.0,0.0
2022-05-18 00:00:00-04:00,254.46121977706724,255.0417455754485,244.56335973469547,245.83082580566406,31356000,0.62,0.0
2022-05-19 00:00:00-04:00,245.65666082139012,249.30427969315693,243.70225448849024,244.9213409423828,32692300,0.0,0.0
2022-05-20 00:00:00-04:00,248.8882164839808,250.1460272870901,238.43887034074822,244.36016845703125,39199300,0.0,0.0
2022-05-23 00:00:00-04:00,247.19504035705393,253.0099090514097,245.20190974301659,252.1875,33175400,0.0,0.0
2022-05-24 00:00:00-04:00,249.51715021234446,252.84543724359756,245.26966530696015,251.1909637451172,29043900,0.0,0.0
2022-05-25 00:00:00-04:00,249.75905520569623,255.9899423675997,248.78183714380614,253.996826171875,28547900,0.0,0.0
2022-05-26 00:00:00-04:00,253.75493935952196,258.4377968295687,252.94221495828464,257.26708984375,25002100,0.0,0.0
2022-05-27 00:00:00-04:00,259.763306260141,264.46550311516876,258.87316278571984,264.3687438964844,26910800,0.0,0.0
2022-05-31 00:00:00-04:00,263.6817576729224,265.84902206515727,260.1986330948572,263.0431823730469,37827700,0.0,0.0
2022-06-01 00:00:00-04:00,266.2651808958061,268.67432940880065,261.27270543224773,263.575439453125,25292200,0.0,0.0
2022-06-02 00:00:00-04:00,255.86416618600398,265.73298709587516,253.10669066458044,265.6652526855469,44008200,0.0,0.0
2022-06-03 00:00:00-04:00,261.5338887851949,264.5719571114333,259.6955816677973,261.2532958984375,28059000,0.0,0.0
2022-06-06 00:00:00-04:00,263.2270685226695,265.2782340927179,258.5442115825969,260.0245361328125,22400300,0.0,0.0
2022-06-07 00:00:00-04:00,257.9830710374571,264.26235216439045,257.30578597515415,263.6528015136719,22860700,0.0,0.0
2022-06-08 00:00:00-04:00,262.88839638694134,264.1365222872214,260.85657107937885,261.630615234375,17372300,0.0,0.0
2022-06-09 00:00:00-04:00,259.0859990893106,263.8559299419898,256.0382758855006,256.1930847167969,26439700,0.0,0.0
2022-06-10 00:00:00-04:00,252.11977283149906,252.11977283149906,244.33114285896366,244.77621459960938,31422800,0.0,0.0
2022-06-13 00:00:00-04:00,237.1520524259518,240.9351106086177,233.68828195632932,234.3945770263672,46135800,0.0,0.0
2022-06-14 00:00:00-04:00,235.9426496695378,237.76161683238632,233.66894071597716,236.5522003173828,28651500,0.0,0.0
2022-06-15 00:00:00-04:00,240.24816456305055,247.01122689050288,238.4195274205562,243.58615112304688,33111700,0.0,0.0
2022-06-16 00:00:00-04:00,237.99378942655406,239.3870394621926,235.1298996985269,237.01658630371094,33169200,0.0,0.0
2022-06-17 00:00:00-04:00,236.7553385108733,242.3670332514068,236.10709312767509,239.60955810546875,43084800,0.0,0.0
2022-06-21 00:00:00-04:00,242.13488080081962,246.47911067673215,241.40923081845435,245.5019073486328,29928300,0.0,0.0
2022-06-22 00:00:00-04:00,243.7119356534914,248.82052450027996,242.24128106481916,244.91168212890625,25939900,0.0,0.0
2022-06-23 00:00:00-04:00,247.27247956979176,250.9490941058249,245.39546270431345,250.4556427001953,25861400,0.0,0.0
2022-06-24 00:00:00-04:00,253.30982219314234,259.2795140264686,253.2227477629766,259.00860595703125,33923200,0.0,0.0
2022-06-27 00:00:00-04:00,259.50207429528484,259.589148741076,254.73214265073585,256.2898864746094,24615100,0.0,0.0
2022-06-28 00:00:00-04:00,255.40943822517565,258.24430356414223,247.99812997940293,248.15293884277344,27295500,0.0,0.0
2022-06-29 00:00:00-04:00,249.22688443197563,253.46468475908262,247.45629682631295,251.81021118164062,20069800,0.0,0.0
2022-06-30 00:00:00-04:00,248.70442039452854,251.10391358347033,244.68916314620972,248.49156188964844,31730900,0.0,0.0
2022-07-01 00:00:00-04:00,248.06584848912598,251.33608586530872,246.3436258304713,251.15225219726562,22837700,0.0,0.0
2022-07-05 00:00:00-04:00,247.84328689784448,254.44186984497523,246.4693916427345,254.3160858154297,22941000,0.0,0.0
2022-07-06 00:00:00-04:00,255.18689308896802,259.28922459470346,253.8807173042958,257.5670166015625,23824400,0.0,0.0
2022-07-07 00:00:00-04:00,256.5124052718838,260.32448856109585,256.4156460435075,259.6859130859375,20859900,0.0,0.0
2022-07-08 00:00:00-04:00,256.19312462228805,259.3956571562315,254.74182482043682,258.9699401855469,19658800,0.0,0.0
2022-07-11 00:00:00-04:00,257.0251984883415,257.8766324611341,253.66785697508126,255.92222595214844,19455200,0.0,0.0
2022-07-12 00:00:00-04:00,257.24774583098747,257.3057954639804,243.8570743997537,245.4341583251953,35868500,0.0,0.0
2022-07-13 00:00:00-04:00,242.06714149558593,245.31805374321544,240.05467060292142,244.51499938964844,29497400,0.0,0.0
2022-07-14 00:00:00-04:00,242.43478974627138,246.85640858787121,237.95510651412596,245.83082580566406,25102800,0.0,0.0
2022-07-15 00:00:00-04:00,247.41761380587624,251.9166376936757,246.4984601341457,248.38514709472656,29774100,0.0,0.0
2022-07-18 00:00:00-04:00,251.3167325510271,252.37134012804827,245.07614676470823,245.99530029296875,20975000,0.0,0.0
2022-07-19 00:00:00-04:00,249.21715005990578,251.2876849600247,245.44377706976402,251.10385131835938,25012600,0.0,0.0
2022-07-20 00:00:00-04:00,251.46183420449947,256.2704746520032,250.5039859319842,253.7548828125,22788300,0.0,0.0
2022-07-21 00:00:00-04:00,251.35542487841855,256.2898494477531,248.68502415287526,256.241455078125,22404700,0.0,0.0
2022-07-22 00:00:00-04:00,256.6285501488565,256.7156246118406,250.65888559232607,251.906982421875,21881300,0.0,0.0
2022-07-25 00:00:00-04:00,252.52614987417672,253.00991644481692,248.47218365007052,250.4265899658203,21056000,0.0,0.0
2022-07-26 00:00:00-04:00,251.42314353761344,251.44251309723307,241.46724894665664,243.72158813476562,39348000,0.0,0.0
2022-07-27 00:00:00-04:00,252.68100307171994,261.2823588535323,250.4460034852064,260.014892578125,45994000,0.0,0.0
2022-07-28 00:00:00-04:00,260.99207747518795,268.81941742326114,259.17311035737987,267.43585205078125,33459300,0.0,0.0
2022-07-29 00:00:00-04:00,268.68393446863337,272.84431469044125,267.6486670392354,271.6252136230469,32152800,0.0,0.0
2022-08-01 00:00:00-04:00,268.80011406095605,272.1477710808105,266.8843874576311,268.98394775390625,21539600,0.0,0.0
2022-08-02 00:00:00-04:00,267.0392042376813,268.867856439552,263.5367382397174,265.89752197265625,22754200,0.0,0.0
2022-08-03 00:00:00-04:00,267.7744965070368,274.29566079302055,267.6293429063653,273.2991027832031,23518900,0.0,0.0
2022-08-04 00:00:00-04:00,272.65085351031576,274.58591997817257,271.07379914150016,274.4407958984375,18098700,0.0,0.0
2022-08-05 00:00:00-04:00,270.08685858100347,274.4407575248996,269.63211684357026,273.72479248046875,16774600,0.0,0.0
2022-08-08 00:00:00-04:00,274.8278133024093,276.6371253182812,270.2513998362798,271.21893310546875,18739200,0.0,0.0
2022-08-09 00:00:00-04:00,270.5610006852255,273.8892877589125,268.5968799256363,273.1346130371094,23405200,0.0,0.0
2022-08-10 00:00:00-04:00,278.81406317438757,280.400802313646,277.6239866748656,279.77191162109375,24687800,0.0,0.0
2022-08-11 00:00:00-04:00,281.40702349193015,281.7553212542064,277.20793315057733,277.70135498046875,20065900,0.0,0.0
2022-08-12 00:00:00-04:00,279.11401558943726,282.4326477050781,277.6240060475437,282.4326477050781,22619700,0.0,0.0
2022-08-15 00:00:00-04:00,281.5520869761892,284.6288346546607,280.69096848235085,283.94189453125,18085700,0.0,0.0
2022-08-16 00:00:00-04:00,282.5099789943521,284.49343955539996,280.99097447536275,283.20660400390625,18102900,0.0,0.0
2022-08-17 00:00:00-04:00,280.9281493782367,284.4283741022155,280.6663715204341,282.4601135253906,18253400,0.62,0.0
2022-08-18 00:00:00-04:00,281.36441282325103,283.0321034033775,280.2881560238518,281.34503173828125,17186200,0.0,0.0
2022-08-19 00:00:00-04:00,280.11362940883,280.4529907173876,276.8752129457477,277.447265625,20570000,0.0,0.0
2022-08-22 00:00:00-04:00,273.50106320350113,273.869510964488,268.7888850126345,269.3027648925781,25061100,0.0,0.0
2022-08-23 00:00:00-04:00,268.0325927734375,270.3789763942887,267.0242141584032,268.0325927734375,17527400,0.0,0.0
2022-08-24 00:00:00-04:00,267.0339265183886,268.79858174374715,266.74303270034477,267.4023742675781,18137000,0.0,0.0
2022-08-25 00:00:00-04:00,268.8954415929615,270.5340453313881,266.1709055853981,270.3692321777344,16583400,0.0,0.0
2022-08-26 00:00:00-04:00,270.5923365109039,271.81402564273543,259.8299441018192,259.93658447265625,27549300,0.0,0.0
2022-08-29 00:00:00-04:00,257.76465225492166,259.2674999332414,255.82547868834627,257.16351318359375,20338500,0.0,0.0
2022-08-30 00:00:00-04:00,258.55975823755864,258.9281764138231,252.7325313512988,254.97227478027344,22767100,0.0,0.0
2022-08-31 00:00:00-04:00,257.3186923863377,258.9863535184162,253.38214218494335,253.5178985595703,24791800,0.0,0.0
2022-09-01 00:00:00-04:00,250.9969258611679,252.9555101006961,247.64216387595837,252.4803924560547,23263400,0.0,0.0
2022-09-02 00:00:00-04:00,253.74089939007345,256.68842221316766,246.7307755662362,248.2724151611328,22855400,0.0,0.0
2022-09-06 00:00:00-04:00,248.408159830305,249.98856152174304,244.27771043015858,245.54786682128906,21328200,0.0,0.0
2022-09-07 00:00:00-04:00,246.95379297306187,250.95817701237237,245.5188084309381,250.24069213867188,24126700,0.0,0.0
2022-09-08 00:00:00-04:00,249.67829973457307,252.50947654562356,247.04100773001082,250.65756225585938,20319900,0.0,0.0
2022-09-09 00:00:00-04:00,252.57734543450854,257.16350136081496,252.37374050442193,256.4169006347656,22084700,0.0,0.0
2022-09-12 00:00:00-04:00,257.6968083589195,259.316031521762,257.09566920762467,258.54034423828125,18747700,0.0,0.0
2022-09-13 00:00:00-04:00,250.96784794774865,252.48040101382477,243.93834353048703,244.32618713378906,33353300,0.0,0.0
2022-09-14 00:00:00-04:00,245.8193660691324,246.49807394155667,242.26098391432333,244.54920959472656,23913000,0.0,0.0
2022-09-15 00:00:00-04:00,242.1737066610615,243.75412313348235,236.5985823888046,237.91722106933594,31530900,0.0,0.0
2022-09-16 00:00:00-04:00,236.8312795525679,237.83965816543386,234.69819143342704,237.29669189453125,39791800,0.0,0.0
2022-09-19 00:00:00-04:00,235.09573320886867,237.68452841666505,233.52500718935042,237.08338928222656,26826900,0.0,0.0
2022-09-20 00:00:00-04:00,234.70789152713547,236.10408413767027,232.35178783208616,235.07632446289062,26660300,0.0,0.0
2022-09-21 00:00:00-04:00,236.84097880590735,240.12787756364517,231.634287475008,231.68276977539062,28625600,0.0,0.0
2022-09-22 00:00:00-04:00,230.6356459674454,236.44347719720534,230.34478171455967,233.65106201171875,31061200,0.0,0.0
2022-09-23 00:00:00-04:00,232.2548539489129,233.79650845970187,228.04685009215586,230.6841278076172,34176000,0.0,0.0
2022-09-26 00:00:00-04:00,229.84056473429231,234.106740937524,229.69511783060327,230.2283935546875,27694200,0.0,0.0
2022-09-27 00:00:00-04:00,232.68146460352042,234.44611989699393,227.3681324316485,229.2200469970703,27018700,0.0,0.0
2022-09-28 00:00:00-04:00,229.60789224789139,234.96001656386545,227.5911495376008,233.73834228515625,29029700,0.0,0.0
2022-09-29 00:00:00-04:00,231.6246111693645,232.6523709038743,227.28086605201818,230.27688598632812,27484200,0.0,0.0
2022-09-30 00:00:00-04:00,231.0428606260345,233.22443119574095,225.65195971871543,225.81678771972656,35694800,0.0,0.0
2022-10-03 00:00:00-04:00,228.25045038719026,234.26188606885609,227.52326022905194,233.41835021972656,28880400,0.0,0.0
2022-10-04 00:00:00-04:00,237.6360484007584,242.74577547683293,237.52939325058418,241.310791015625,34888400,0.0,0.0
2022-10-05 00:00:00-04:00,238.50868236825332,242.95908260476142,236.67616375353109,241.6210479736328,20347100,0.0,0.0
2022-10-06 00:00:00-04:00,240.38967602221575,242.72638403117548,238.59594911161383,239.2843475341797,20239900,0.0,0.0
2022-10-07 00:00:00-04:00,233.57344928121,233.98068874798435,226.07854761763357,227.1160125732422,37769600,0.0,0.0
2022-10-10 00:00:00-04:00,225.96218823518748,227.42625885745642,219.8343930584343,222.2777557373047,29743600,0.0,0.0
2022-10-11 00:00:00-04:00,220.69734398530096,222.09355135270334,217.2940996232981,218.5545654296875,30474000,0.0,0.0
2022-10-12 00:00:00-04:00,218.54488548684702,220.93007581576018,217.1486927519345,218.88424682617188,21903900,0.0,0.0
2022-10-13 00:00:00-04:00,213.16365940697776,228.91944457503647,212.4655557421077,227.1160125732422,42551800,0.0,0.0
2022-10-14 00:00:00-04:00,228.37649233923707,230.02480190806705,221.3954696052538,221.60877990722656,30198600,0.0,0.0
2022-10-17 00:00:00-04:00,228.64801426493338,231.69251686410908,227.9886874093026,230.30599975585938,28142300,0.0,0.0
2022-10-18 00:00:00-04:00,235.84230688122926,236.5113093692739,228.21164843552518,231.2464599609375,26329600,0.0,0.0
2022-10-19 00:00:00-04:00,229.83085382652337,232.3226990610641,227.1644900654512,229.2878875732422,19985700,0.0,0.0
2022-10-20 00:00:00-04:00,228.59949308712024,233.97099766347205,227.72685605551754,228.96792602539062,21811000,0.0,0.0
2022-10-21 00:00:00-04:00,227.60085162423684,235.60963470412872,227.36814542435465,234.7563934326172,26299700,0.0,0.0
2022-10-24 00:00:00-04:00,236.34649831848267,240.30241466092306,233.96132282043843,239.73036193847656,24911200,0.0,0.0
2022-10-25 00:00:00-04:00,239.74003228091627,243.40506928448784,238.35353022692632,243.03663635253906,34775500,0.0,0.0
2022-10-26 00:00:00-04:00,224.13940416091688,231.05256356203466,223.06316209926047,224.28485107421875,82543200,0.0,0.0
2022-10-27 00:00:00-04:00,224.01334192609988,226.58275598538947,218.91332036173824,219.85382080078125,40424600,0.0,0.0
2022-10-28 00:00:00-04:00,219.35934514135127,229.40426599695735,219.1751212635659,228.6964569091797,40647700,0.0,0.0
2022-10-31 00:00:00-04:00,226.65065296380033,227.77537744033944,224.1200302889491,225.0702362060547,28357300,0.0,0.0
2022-11-01 00:00:00-04:00,227.46508792727667,228.57041637850017,220.41618716835114,221.2306365966797,30592300,0.0,0.0
2022-11-02 00:00:00-04:00,222.48140020209192,224.2654364159978,213.34787925724922,213.40606689453125,38407000,0.0,0.0
2022-11-03 00:00:00-04:00,213.3963774811355,213.70665239090863,207.4722009244926,207.73399353027344,36633900,0.0,0.0
2022-11-04 00:00:00-04:00,210.93360492641042,214.85072897039285,206.93889737068497,214.6568145751953,36789100,0.0,0.0
2022-11-07 00:00:00-05:00,215.23859748900023,221.46334350265937,214.55018429237435,220.93975830078125,33498000,0.0,0.0
2022-11-08 00:00:00-05:00,221.7444890427756,224.60476702569903,218.97147031751535,221.90931701660156,28192500,0.0,0.0
2022-11-09 00:00:00-05:00,220.45494942509427,221.6766382807976,217.5074120167321,217.6819305419922,27852900,0.0,0.0
2022-11-10 00:00:00-05:00,228.2698114597355,235.92955599741592,227.85289624042093,235.59019470214844,46268000,0.0,0.0
2022-11-11 00:00:00-05:00,235.59991144789905,240.44784564522814,234.5721369704996,239.5946044921875,34620200,0.0,0.0
2022-11-14 00:00:00-05:00,234.63032541196574,236.491930374749,231.9348751725974,234.20370483398438,31123300,0.0,0.0
2022-11-15 00:00:00-05:00,238.18870924194545,239.4879520708681,232.72993053937964,234.61093139648438,31390100,0.0,0.0
2022-11-16 00:00:00-05:00,236.06938283193108,237.05143476413045,233.76499097023776,235.03872680664062,24093300,0.68,0.0
2022-11-17 00:00:00-05:00,231.19807311445172,236.51666066871482,231.0522311596021,234.9901123046875,23123500,0.0,0.0
2022-11-18 00:00:00-05:00,236.76949740720514,236.99314155676598,232.41351054537606,234.5428924560547,27613500,0.0,0.0
2022-11-21 00:00:00-05:00,234.74702077282302,237.8973403680741,234.5136736567099,235.34986877441406,26394700,0.0,0.0
2022-11-22 00:00:00-05:00,236.8472486173572,238.51963895713513,234.04697919434565,238.2473907470703,19665700,0.0,0.0
2022-11-23 00:00:00-05:00,238.32520706999225,241.40745776618633,237.5084623404124,240.72683715820312,19508500,0.0,0.0
2022-11-25 00:00:00-05:00,240.46428755240743,241.81581080755163,239.9003405690243,240.63931274414062,9200800,0.0,0.0
2022-11-28 00:00:00-05:00,239.26839010923928,239.8226045226642,234.13454421237338,235.06796264648438,24778200,0.0,0.0
2022-11-29 00:00:00-05:00,234.71784880402407,236.06937189775329,231.61616302048014,233.67747497558594,17956300,0.0,0.0
2022-11-30 00:00:00-05:00,233.91090386749025,248.26233401696928,233.22055051031205,248.0775909423828,47594200,0.0,0.0
2022-12-01 00:00:00-05:00,246.84269045988094,249.03040883628205,243.97435155588244,247.63999938964844,26041500,0.0,0.0
2022-12-02 00:00:00-05:00,242.90478908659773,248.97205138483378,242.77838284324662,247.96084594726562,21528500,0.0,0.0
2022-12-05 00:00:00-05:00,245.03420296466012,246.7941135147601,241.19354435975268,243.27430725097656,23435300,0.0,0.0
2022-12-06 00:00:00-05:00,243.87711611749123,244.8883215875388,237.03198043755035,238.3348846435547,22463700,0.0,0.0
2022-12-07 00:00:00-05:00,238.0529405287907,239.3461270027659,235.5054686619729,237.6056671142578,20481500,0.0,0.0
2022-12-08 00:00:00-05:00,238.06266840254827,241.854722806182,236.3319411296729,240.5518035888672,22611800,0.0,0.0
2022-12-09 00:00:00-05:00,237.92653108598594,241.43660437225947,237.40148518904434,238.62660217285156,20609700,0.0,0.0
2022-12-12 00:00:00-05:00,240.6004067044122,245.5495083577721,240.32815848858516,245.5203399658203,30665100,0.0,0.0
2022-12-13 00:00:00-05:00,254.44625651294808,256.61453937496145,246.06486835036688,249.8083038330078,42196900,0.0,0.0
2022-12-14 00:00:00-05:00,250.01245515480875,255.32130998655228,247.27050773018283,250.09996032714844,35410900,0.0,0.0
2022-12-15 00:00:00-05:00,246.69684834391964,247.16355744305537,240.49344660406408,242.11721801757812,35560400,0.0,0.0
2022-12-16 00:00:00-05:00,241.66997762867638,242.9242630632895,236.76947979184487,237.9168243408203,86102000,0.0,0.0
2022-12-19 00:00:00-05:00,238.08212143380248,238.42243914772908,232.1023632453267,233.794189453125,29696400,0.0,0.0
2022-12-20 00:00:00-05:00,232.77323628356203,236.18608654823132,231.82036751639754,235.1068115234375,25150800,0.0,0.0
2022-12-21 00:00:00-05:00,234.9998409670087,238.82104848275608,233.4635747777796,237.6639862060547,23690600,0.0,0.0
2022-12-22 00:00:00-05:00,234.5817687693653,235.2915726004728,227.39632912956154,231.5967559814453,28651700,0.0,0.0
2022-12-23 00:00:00-05:00,229.5743387811001,232.2579350383886,227.46440742070018,232.12181091308594,21207000,0.0,0.0
2022-12-27 00:00:00-05:00,232.09261343652005,232.3162427208361,229.30206179925912,230.40078735351562,16688600,0.0,0.0
2022-12-28 00:00:00-05:00,230.3326988491907,233.08436401519373,227.68798939057342,228.03802490234375,17457100,0.0,0.0
2022-12-29 00:00:00-05:00,229.12702186965714,235.22346762933782,229.12702186965714,234.33865356445312,19770700,0.0,0.0
2022-12-30 00:00:00-05:00,231.61617551843796,233.31773420922855,230.10907771074054,233.18161010742188,21938500,0.0,0.0
2023-01-03 00:00:00-05:00,236.3513904454424,238.94748134129327,230.82860879757206,232.94827270507812,25740000,0.0,0.0
2023-01-04 00:00:00-05:00,225.8502991867707,226.42396394538952,219.70524965027772,222.75833129882812,50623400,0.0,0.0
2023-01-05 00:00:00-05:00,220.91093644040888,221.25125412142148,215.62151720752513,216.1562957763672,39585600,0.0,0.0
2023-01-06 00:00:00-05:00,216.82719680304174,219.51079264209568,213.27823740876858,218.70376586914062,43613600,0.0,0.0
2023-01-09 00:00:00-05:00,220.18169301907503,224.8391105735464,220.14280677677522,220.83314514160156,27369800,0.0,0.0
2023-01-10 00:00:00-05:00,221.4554347527597,224.90717117777552,221.03734458217542,222.51527404785156,27033900,0.0,0.0
2023-01-11 00:00:00-05:00,224.88771246329648,229.41872372216184,224.7127021200409,229.24371337890625,28669300,0.0,0.0
2023-01-12 00:00:00-05:00,228.74784480479596,233.25940599267489,227.09490487805533,231.9078826904297,27269500,0.0,0.0
2023-01-13 00:00:00-05:00,230.43967280124468,232.74406478160432,228.41724688827324,232.60794067382812,21333300,0.0,0.0
2023-01-17 00:00:00-05:00,231.38285076871398,234.2414722028024,230.52720494179857,233.6969757080078,29831300,0.0,0.0
2023-01-18 00:00:00-05:00,234.88319223600368,235.67076853478866,229.0006572078567,229.28262329101562,30028700,0.0,0.0
2023-01-19 00:00:00-05:00,227.3088064182575,229.00064735365646,224.29461063179636,225.510009765625,28623000,0.0,0.0
2023-01-20 00:00:00-05:00,228.3588646311803,234.0761056921329,228.01854701129994,233.57049560546875,35389800,0.0,0.0
2023-01-23 00:00:00-05:00,234.42617553130606,238.38350713722812,233.01630075916648,235.86520385742188,31934000,0.0,0.0
2023-01-24 00:00:00-05:00,235.78743760454404,237.19729766623655,233.7844621578948,235.3401641845703,40234400,0.0,0.0
2023-01-25 00:00:00-05:00,227.98943061234027,236.5652941592754,224.50852565701223,233.9497528076172,66526600,0.0,0.0
2023-01-26 00:00:00-05:00,236.90558287687787,241.43659421049372,235.30126202491022,241.1351776123047,33454500,0.0,0.0
2023-01-27 00:00:00-05:00,242.09776769900014,242.9145122822852,239.99755462505527,241.29074096679688,26498900,0.0,0.0
2023-01-30 00:00:00-05:00,237.74180116090332,238.80164053803622,235.49574581512883,235.99163818359375,25867400,0.0,0.0
2023-01-31 00:00:00-05:00,236.71111179006792,241.0865482920522,236.22495217873632,240.95042419433594,26541100,0.0,0.0
2023-02-01 00:00:00-05:00,241.1351911203326,248.11643670951443,238.67522443009082,245.7537078857422,31259900,0.0,0.0
2023-02-02 00:00:00-05:00,251.6556913662783,257.3632009780913,250.12914292548695,257.27569580078125,39940400,0.0,0.0
2023-02-03 00:00:00-05:00,252.35571631795867,256.88672704262075,249.98325525744335,251.1986541748047,29077300,0.0,0.0
2023-02-06 00:00:00-05:00,250.31391213131076,251.15009258378038,247.72753893121822,249.66244506835938,22518000,0.0,0.0
2023-02-07 00:00:00-05:00,253.31834411841427,261.33024559426707,252.88078856760495,260.15374755859375,50841400,0.0,0.0
2023-02-08 00:00:00-05:00,265.63761659917793,269.09907056810056,258.8410852318201,259.3467102050781,54686000,0.0,0.0
2023-02-09 00:00:00-05:00,266.2210502148411,266.39609026500864,255.5255363984652,256.3228454589844,42375100,0.0,0.0
2023-02-10 00:00:00-05:00,254.29068170390744,256.7798168982394,253.4447686061317,255.81723022460938,25818500,0.0,0.0
2023-02-13 00:00:00-05:00,260.2316245141991,266.99896042747446,259.7551677463502,263.80975341796875,44630900,0.0,0.0
2023-02-14 00:00:00-05:00,265.12232910655104,267.3586517330217,261.8261522809417,264.63616943359375,37047900,0.0,0.0
2023-02-15 00:00:00-05:00,261.54621079213484,263.8953733913227,259.46022127566107,262.5209655761719,28922400,0.68,0.0
2023-02-16 00:00:00-05:00,257.354723160625,260.00605711365523,255.2882479724247,255.5319366455078,29603600,0.0,0.0
2023-02-17 00:00:00-05:00,252.84166762278508,253.52397815006816,249.53723449671304,251.54522705078125,30000100,0.0,0.0
2023-02-21 00:00:00-05:00,248.05557870006874,249.04009049318063,245.2385381346892,246.29127502441406,28397400,0.0,0.0
2023-02-22 00:00:00-05:00,247.6754065123544,247.9190951759008,244.0200765591585,245.16053771972656,22491100,0.0,0.0
2023-02-23 00:00:00-05:00,249.1083064975943,250.35599131241563,244.15655088158258,248.3382568359375,29219100,0.0,0.0
2023-02-24 00:00:00-05:00,243.64969909955178,244.66343747539474,241.83665470499022,242.92837524414062,24990900,0.0,0.0
2023-02-27 00:00:00-05:00,246.08655835575647,246.43747061453573,243.09405452761465,243.84461975097656,21190000,0.0,0.0
2023-02-28 00:00:00-05:00,242.78213582911255,245.14104018082875,242.45070796055708,243.123291015625,22491000,0.0,0.0
2023-03-01 00:00:00-05:00,244.42951129067754,244.59521782388006,239.58497868538822,240.05287170410156,27565300,0.0,0.0
2023-03-02 00:00:00-05:00,240.3257512560428,245.05330217438188,239.40947954597493,244.7706298828125,24808200,0.0,0.0
2023-03-03 00:00:00-05:00,245.8233624681365,249.1667635730139,245.04355582130654,248.8450927734375,30760100,0.0,0.0
2023-03-06 00:00:00-05:00,249.9563441934913,253.55319146823706,249.51770754686837,250.38523864746094,24109800,0.0,0.0
2023-03-07 00:00:00-05:00,249.82960325303648,251.18452648625785,246.99307854410944,247.73388671875,21473200,0.0,0.0
2023-03-08 00:00:00-05:00,247.62665530828698,248.11403261472034,244.47820207332853,247.2952423095703,17340200,0.0,0.0
2023-03-09 00:00:00-05:00,249.36176055143883,253.0073336989174,245.22879516854297,245.9501190185547,26653400,0.0,0.0
2023-03-10 00:00:00-05:00,244.7414454274834,246.40826786388783,241.34930277084734,242.31430053710938,28333900,0.0,0.0
2023-03-13 00:00:00-04:00,241.15428509526765,251.39896558800064,239.52644667781433,247.5096893310547,33339700,0.0,0.0
2023-03-14 00:00:00-04:00,250.26823625336974,254.4791831419145,249.4007052796058,254.2062530517578,33620300,0.0,0.0
2023-03-15 00:00:00-04:00,253.41673923474747,259.7526448252449,252.66615907277222,258.7388916015625,46028000,0.0,0.0
2023-03-16 00:00:00-04:00,258.514689849532,269.57816182335324,256.6334203873444,269.2272644042969,54768800,0.0,0.0
2023-03-17 00:00:00-04:00,271.23525555020916,276.1772393298442,269.3442290300633,272.3757019042969,69527400,0.0,0.0
2023-03-20 00:00:00-04:00,269.98756773899805,270.47494508940247,263.0375619626868,265.35748291015625,43466600,0.0,0.0
2023-03-21 00:00:00-04:00,267.94058331388436,268.0575491212291,262.7158825243108,266.86834716796875,34558700,0.0,0.0
2023-03-22 00:00:00-04:00,266.4979179833595,273.9450578612845,265.3087161087697,265.41595458984375,34873300,0.0,0.0
2023-03-23 00:00:00-04:00,270.9232901997897,273.9645197282161,268.2524721711086,270.6503601074219,36610900,0.0,0.0
2023-03-24 00:00:00-04:00,270.2409282951902,273.54536033168523,268.330417802735,273.48687744140625,28172000,0.0,0.0
2023-03-27 00:00:00-04:00,273.41866361100745,274.3544196920251,268.56437502402,269.4026794433594,26840200,0.0,0.0
2023-03-28 00:00:00-04:00,268.8275985161655,269.1687685997756,265.18199582572424,268.28173828125,21878600,0.0,0.0
2023-03-29 00:00:00-04:00,271.9175790730678,274.0425670542095,271.3814758548116,273.428466796875,25087000,0.0,0.0
2023-03-30 00:00:00-04:00,277.05456782750633,277.2787423935812,274.3739921244632,276.87908935546875,25053400,0.0,0.0
2023-03-31 00:00:00-04:00,276.5671227721079,281.9672416312898,275.85554123239365,281.021728515625,32766000,0.0,0.0
2023-04-03 00:00:00-04:00,279.28666261801845,280.9924830784479,276.7815660353918,279.978759765625,24883300,0.0,0.0
2023-04-04 00:00:00-04:00,279.9788092952923,283.1175206876223,278.4581943099055,279.9300537109375,25824300,0.0,0.0
2023-04-05 00:00:00-04:00,278.63360157573726,279.90077062602654,275.7775778065867,277.1617126464844,22064800,0.0,0.0
2023-04-06 00:00:00-04:00,276.0602584923825,284.7063275533511,274.91005513471964,284.23846435546875,29770300,0.0,0.0
2023-04-10 00:00:00-04:00,281.90881108908263,282.2889797177499,277.5224147425445,282.08428955078125,23103000,0.0,0.0
2023-04-11 00:00:00-04:00,278.53617740745267,278.76038171504166,274.52994955434735,275.68988037109375,27276600,0.0,0.0
2023-04-12 00:00:00-04:00,277.6003898328518,279.7643463826104,274.8418174679427,276.33319091796875,27403400,0.0,0.0
2023-04-13 00:00:00-04:00,276.43076111342435,282.5814626553351,276.02138068037556,282.5229797363281,24222700,0.0,0.0
2023-04-14 00:00:00-04:00,279.75462616341997,281.1972739689878,276.5281901717606,278.9163513183594,20987900,0.0,0.0
2023-04-17 00:00:00-04:00,282.6106941563472,284.2385480037766,278.935878721481,281.50921630859375,23836200,0.0,0.0
2023-04-18 00:00:00-04:00,284.20928485891386,284.39449066416483,279.76440502720607,281.0900573730469,20161800,0.0,0.0
2023-04-19 00:00:00-04:00,278.7700510801762,281.75279769664104,277.3566747962618,281.16796875,17150300,0.0,0.0
2023-04-20 00:00:00-04:00,278.04884052716665,281.7334129295421,277.8831191022566,278.8871154785156,23244400,0.0,0.0
2023-04-21 00:00:00-04:00,277.81486288712955,279.0430336532182,275.9140792116014,278.5459289550781,21676400,0.0,0.0
2023-04-24 00:00:00-04:00,274.9685448486902,277.75635870948304,271.6836263278282,274.6566162109375,26611000,0.0,0.0
2023-04-25 00:00:00-04:00,272.45366159943416,274.4908950976734,268.41816336812605,268.4669189453125,45772200,0.0,0.0
2023-04-26 00:00:00-04:00,289.2097093535968,292.00725036990406,285.33993229955405,287.91326904296875,64599200,0.0,0.0
2023-04-27 00:00:00-04:00,288.49808887303965,297.495083564563,287.79626444724516,297.1343994140625,46462600,0.0,0.0
2023-04-28 00:00:00-04:00,296.33519048615636,301.13096702652024,295.6528502866571,299.5031433105469,36469600,0.0,0.0
2023-05-01 00:00:00-04:00,299.2204464922504,300.80930138647517,297.44638582832135,297.8460388183594,21294100,0.0,0.0
2023-05-02 00:00:00-04:00,299.9905085390908,301.3746435203023,296.237697087883,297.6998291015625,26404400,0.0,0.0
2023-05-03 00:00:00-04:00,298.8792887083803,300.819041090019,296.4131604465873,296.71533203125,22360800,0.0,0.0
2023-05-04 00:00:00-04:00,298.5088623937183,299.9905085390908,295.74056268414336,297.6998291015625,22519900,0.0,0.0
2023-05-05 00:00:00-04:00,298.00196232327136,304.0941782629667,296.5885563264028,302.8074951171875,28197100,0.0,0.0
2023-05-08 00:00:00-04:00,302.3006492277248,302.36888918912433,298.36263230970064,300.8580017089844,21318600,0.0,0.0
2023-05-09 00:00:00-04:00,300.22444953048654,302.2129574604757,298.5771116971217,299.24969482421875,21340800,0.0,0.0
2023-05-10 00:00:00-04:00,300.8287815493971,305.09821176430125,299.9027824610233,304.4256286621094,30078000,0.0,0.0
2023-05-11 00:00:00-04:00,302.2714616451602,303.26570080657984,298.5284068792122,302.28118896484375,31680200,0.0,0.0
2023-05-12 00:00:00-04:00,302.7100210129512,302.8075024197668,298.85975829449876,301.169921875,19774700,0.0,0.0
2023-05-15 00:00:00-04:00,301.2966855922646,302.0764774582507,299.82479646702666,301.6475830078125,16336500,0.0,0.0
2023-05-16 00:00:00-04:00,302.0082405576207,305.790293615096,302.0082405576207,303.8700256347656,26730300,0.0,0.0
2023-05-17 00:00:00-04:00,305.0715994717328,307.1621190650021,303.5574089684494,306.7420654296875,24315000,0.68,0.0
2023-05-18 00:00:00-04:00,307.25979860655974,311.6655618014146,306.4685237275618,311.1575622558594,27276000,0.0,0.0
2023-05-19 00:00:00-04:00,309.41866687685257,311.3822160378819,309.0572240548509,310.981689453125,27546700,0.0,0.0
2023-05-22 00:00:00-04:00,311.23581238076383,315.13357706437006,310.659453353748,313.75616455078125,24115700,0.0,0.0
2023-05-23 00:00:00-04:00,312.6326330108963,315.2604571188561,307.96312199673974,307.972900390625,30797200,0.0,0.0
2023-05-24 00:00:00-04:00,307.45515342600294,309.1842298558464,305.38413133071174,306.5954895019531,23384900,0.0,0.0
2023-05-25 00:00:00-04:00,315.7684901108892,319.3438949651791,312.6033903237595,318.3865661621094,43301700,0.0,0.0
2023-05-26 00:00:00-04:00,316.53043497879963,325.69362591247574,316.3936865085404,325.1954345703125,36630600,0.0,0.0
2023-05-30 00:00:00-04:00,327.4813593124993,327.9795506793169,322.88020682779495,323.55426025390625,29503100,0.0,0.0
2023-05-31 00:00:00-04:00,324.6093167826368,328.1749431768424,319.76394285514135,320.7994689941406,45950600,0.0,0.0
2023-06-01 00:00:00-04:00,318.3963251868189,325.82066191290807,317.2143019258067,324.8926086425781,26773900,0.0,0.0
2023-06-02 00:00:00-04:00,326.5239875083562,329.6988654721622,324.8632701870316,327.64739990234375,25873800,0.0,0.0
2023-06-05 00:00:00-04:00,327.47150708061537,330.7343005608071,326.9244536714919,328.17486572265625,21307100,0.0,0.0
2023-06-06 00:00:00-04:00,327.57901828059016,327.6181020499909,324.4920861780968,325.9671630859375,20396200,0.0,0.0
2023-06-07 00:00:00-04:00,323.984044106474,326.75839512631626,315.04554846139996,315.90521240234375,40717100,0.0,0.0
2023-06-08 00:00:00-04:00,316.45235552980716,319.0899588404042,315.8759965452041,317.7418518066406,23277700,0.0,0.0
2023-06-09 00:00:00-04:00,317.47803824659906,322.3624661949436,316.9114577219513,319.2364501953125,22529000,0.0,0.0
2023-06-12 00:00:00-04:00,320.98503906691633,324.42369526305714,317.64410719983425,324.1794738769531,24260300,0.0,0.0
2023-06-13 00:00:00-04:00,326.73885101056743,329.1908428300205,322.75317181693185,326.5630187988281,22951300,0.0,0.0
2023-06-14 00:00:00-04:00,326.61197582683593,331.20335074507136,325.11734183212303,329.5426330566406,26003800,0.0,0.0
2023-06-15 00:00:00-04:00,329.6793438273172,341.75363483053593,329.40581706772855,340.0538635253906,38899100,0.0,0.0
2023-06-16 00:00:00-04:00,343.19942687785715,343.3459537429244,334.04601435643656,334.4172058105469,46552000,0.0,0.0
2023-06-20 00:00:00-04:00,331.4670609717045,334.1730234363889,328.0967936208768,330.2361755371094,26375400,0.0,0.0
2023-06-21 00:00:00-04:00,328.59502188215436,329.92360187076076,324.39442550484875,325.8499755859375,25117800,0.0,0.0
2023-06-22 00:00:00-04:00,326.3970013361719,332.2583147464339,325.6350317853251,331.8577880859375,23556800,0.0,0.0
2023-06-23 00:00:00-04:00,326.6314665032556,330.14826075055646,325.7425268104143,327.2762145996094,23146900,0.0,0.0
2023-06-26 00:00:00-04:00,326.00625756335666,328.340998601614,320.8971352379601,321.0046081542969,21520600,0.0,0.0
2023-06-27 00:00:00-04:00,324.1892578253604,328.38010561548896,321.6884329438187,326.8366394042969,24354100,0.0,0.0
2023-06-28 00:00:00-04:00,326.924509469394,330.1677765285819,326.0941508206252,328.0870056152344,20259500,0.0,0.0
2023-06-29 00:00:00-04:00,326.97334345829574,328.3409772213773,324.93165630266327,327.30548095703125,16997000,0.0,0.0
2023-06-30 00:00:00-04:00,329.94309061938924,334.80799133337183,329.40581549810116,332.6686096191406,26832800,0.0,0.0
2023-07-03 00:00:00-04:00,331.34979527734635,333.02026113567905,328.79036003615676,330.1775207519531,12508700,0.0,0.0
2023-07-05 00:00:00-04:00,327.3445947298887,333.7529619318794,326.99293022093957,330.3338623046875,18172400,0.0,0.0
2023-07-06 00:00:00-04:00,329.5034771232006,335.0619581701481,327.7450950952517,333.3817138671875,28161200,0.0,0.0
2023-07-07 00:00:00-04:00,331.4768196689225,333.8897282258727,329.2104379854344,329.42535400390625,21214800,0.0,0.0
2023-07-10 00:00:00-04:00,326.86587333332807,327.48131592887023,320.01789687690416,324.1598815917969,32791400,0.0,0.0
2023-07-11 00:00:00-04:00,323.4077439781263,325.1661261312258,319.441590831674,324.78515625,26698200,0.0,0.0
2023-07-12 00:00:00-04:00,328.8197159187511,333.75297652887264,327.91121941871575,329.4058532714844,29995300,0.0,0.0
2023-07-13 00:00:00-04:00,331.711272694216,335.7946473564409,331.18374612162296,334.7396240234375,20567200,0.0,0.0
2023-07-14 00:00:00-04:00,339.55563567406386,343.3068725083686,336.35145234816736,337.25994873046875,28352700,0.0,0.0
2023-07-17 00:00:00-04:00,337.68975478361295,338.9694723365567,334.2902125016096,337.7386169433594,20363900,0.0,0.0
2023-07-18 00:00:00-04:00,337.8363418414127,358.30210756551196,334.2609666964125,351.18060302734375,64738600,0.0,0.0
2023-07-19 00:00:00-04:00,353.388368189592,354.0819486228708,344.293565577068,346.8725280761719,39732900,0.0,0.0
2023-07-20 00:00:00-04:00,345.3974402048797,349.6957307761419,337.3869665581141,338.852294921875,33778400,0.0,0.0
2023-07-21 00:00:00-04:00,341.07956227112305,342.20297462021114,331.9749823654145,335.82391357421875,69405400,0.0,0.0
2023-07-24 00:00:00-04:00,337.8558806826926,338.901155398555,334.397697414045,337.1329650878906,26678100,0.0,0.0
2023-07-25 00:00:00-04:00,339.0867373558683,343.7562790203098,337.09391224924093,342.8673095703125,41637700,0.0,0.0
2023-07-26 00:00:00-04:00,333.54776814346803,336.7031188576935,325.4102957060048,329.96258544921875,58383700,0.0,0.0
2023-07-27 00:00:00-04:00,332.61003601882766,333.4403649695194,321.444210409782,323.07562255859375,39635300,0.0,0.0
2023-07-28 00:00:00-04:00,325.95742277677743,332.1508737419497,325.46897998950345,330.54876708984375,28484900,0.0,0.0
2023-07-31 00:00:00-04:00,329.1322504149572,329.89421985375384,325.654510875741,328.1553649902344,25446000,0.0,0.0
2023-08-01 00:00:00-04:00,327.4422614370604,330.7148339075202,325.9867115450311,328.565673828125,18311900,0.0,0.0
2023-08-02 00:00:00-04:00,325.9183364890345,325.9183364890345,318.8163593371292,319.9300231933594,27761300,0.0,0.0
2023-08-03 00:00:00-04:00,318.46465754141326,322.25497786737617,318.41582519365545,319.1094055175781,18253700,0.0,0.0
2023-08-04 00:00:00-04:00,324.20878906184083,327.393445572908,319.67602568873457,320.20355224609375,23741500,0.0,0.0
2023-08-07 00:00:00-04:00,320.7798736154958,323.45653023504116,319.94951501235715,322.4796447753906,17741500,0.0,0.0
2023-08-08 00:00:00-04:00,319.4024887084689,321.151122177393,315.5340303066097,318.5135192871094,22327600,0.0,0.0
2023-08-09 00:00:00-04:00,318.92384579160165,319.5490370786911,313.629112676302,314.7818603515625,22373300,0.0,0.0
2023-08-10 00:00:00-04:00,318.48424072838094,320.6724848006537,313.75611788086866,315.4656677246094,20113700,0.0,0.0
2023-08-11 00:00:00-04:00,312.8573931698293,314.9576912566164,311.8316453980151,313.5900573730469,24355500,0.0,0.0
2023-08-14 00:00:00-04:00,313.9612471638397,316.5695147707091,312.68149972344554,316.54998779296875,18836100,0.0,0.0
2023-08-15 00:00:00-04:00,315.53404351386234,317.5757308061961,313.482577825794,314.4203796386719,16966300,0.0,0.0
2023-08-16 00:00:00-04:00,314.0484054267254,317.5922437105838,313.0694515072215,313.6568298339844,20698900,0.68,0.0
2023-08-17 00:00:00-04:00,313.7938817302348,315.09587723168505,309.5549947446499,310.2109069824219,21257200,0.0,0.0
2023-08-18 00:00:00-04:00,307.8711973932979,311.679342341884,304.99307058455463,309.8193359375,24755000,0.0,0.0
2023-08-21 00:00:00-04:00,311.23880256380994,315.9769357985516,310.3675491383052,315.1056823730469,24040000,0.0,0.0
2023-08-22 00:00:00-04:00,318.6494592891844,319.21723934340076,314.6944776045053,315.6734313964844,16084600,0.0,0.0
2023-08-23 00:00:00-04:00,317.00488396305076,322.27166113870885,316.652444996216,320.1179504394531,21166400,0.0,0.0
2023-08-24 00:00:00-04:00,325.8448009621162,325.97206974501347,313.22607126255105,313.2358703613281,23281400,0.0,0.0
2023-08-25 00:00:00-04:00,314.70426538436715,318.5123799630537,312.09044570865603,316.1824951171875,21684100,0.0,0.0
2023-08-28 00:00:00-04:00,318.80616212257627,319.2858400208198,314.94908098588996,316.8874206542969,14808500,0.0,0.0
2023-08-29 00:00:00-04:00,315.10563277299525,322.05621026150664,315.10563277299525,321.4981994628906,19284600,0.0,0.0
2023-08-30 00:00:00-04:00,321.75276957784916,322.86876141280084,319.57949087262745,321.8702392578125,15222100,0.0,0.0
2023-08-31 00:00:00-04:00,322.27157317335417,323.9455756518063,319.90249205082335,320.86187744140625,26411000,0.0,0.0
2023-09-01 00:00:00-04:00,324.3372334886783,325.0029150101556,319.9025732532159,321.7430114746094,14942000,0.0,0.0
2023-09-05 00:00:00-04:00,322.07577133856296,327.80265653043256,321.74293066142496,326.5299987792969,18553900,0.0,0.0
2023-09-06 00:00:00-04:00,326.3636224074877,327.42087936565457,323.23095829944674,325.8741455078125,17535800,0.0,0.0
2023-09-07 00:00:00-04:00,324.31760527996926,326.06991103130065,322.10516018294953,322.9666442871094,18381000,0.0,0.0
2023-09-08 00:00:00-04:00,323.14287386196446,329.0851309217736,322.5261281543159,327.2348937988281,19530100,0.0,0.0
2023-09-11 00:00:00-04:00,330.1423875895978,331.29757584054045,328.37048350695864,330.8276672363281,16583300,0.0,0.0
2023-09-12 00:00:00-04:00,328.75228709732,329.7018735211136,324.50363099894156,324.7875061035156,17565500,0.0,0.0
2023-09-13 00:00:00-04:00,324.3371825636095,329.76059500536803,324.2001445661415,328.9872131347656,16544400,0.0,0.0
2023-09-14 00:00:00-04:00,332.0121359885285,333.6861384232621,329.48644862867235,331.5716247558594,20267000,0.0,0.0
2023-09-15 00:00:00-04:00,329.829144347891,330.29902307578516,322.71213073688756,323.2701416015625,37679800,0.0,0.0
2023-09-18 00:00:00-04:00,320.9010301881777,323.4463159361462,319.4913343854658,322.134521484375,16834200,0.0,0.0
2023-09-19 00:00:00-04:00,319.30533775178856,322.4575698240528,317.6802710436974,321.7331237792969,16505900,0.0,0.0
2023-09-20 00:00:00-04:00,322.5750893265996,322.65339248865484,313.76450476801705,314.0190124511719,21436500,0.0,0.0
2023-09-21 00:00:00-04:00,312.54080796824985,318.50263318201627,308.37045511046944,312.80511474609375,35560400,0.0,0.0
2023-09-22 00:00:00-04:00,314.5573920637111,314.68466081747965,309.4961885790443,310.3381042480469,21447900,0.0,0.0
2023-09-25 00:00:00-04:00,309.92703743147536,310.98432446171176,308.3705041858595,310.8570556640625,17836000,0.0,0.0
2023-09-26 00:00:00-04:00,308.4977412546043,309.23195666524725,303.49527138826676,305.5706787109375,26297600,0.0,0.0
2023-09-27 00:00:00-04:00,305.7272930031046,307.6852008158054,303.1722376476752,306.2070007324219,19410100,0.0,0.0
2023-09-28 00:00:00-04:00,304.4448112128742,308.8403337798226,302.93724397750015,307.0390625,19683600,0.0,0.0
2023-09-29 00:00:00-04:00,311.0626136858314,312.74641565358826,308.3509220336715,309.1047058105469,24147300,0.0,0.0
2023-10-02 00:00:00-04:00,309.6234991428816,315.1154453625428,308.5466440139972,315.0273132324219,20570000,0.0,0.0
2023-10-03 00:00:00-04:00,314.0776994982749,314.62594105043695,304.66016977210535,306.7943115234375,21033500,0.0,0.0
2023-10-04 00:00:00-04:00,307.4208957324774,313.3044183025866,307.391528310135,312.24713134765625,20720100,0.0,0.0
2023-10-05 00:00:00-04:00,312.3743346117822,313.24561775068076,308.2725161916583,312.6386413574219,16965600,0.0,0.0
2023-10-06 00:00:00-04:00,309.88779008773105,322.26177952741045,309.6430516561737,320.3724060058594,25673600,0.0,0.0
2023-10-09 00:00:00-04:00,317.9152372482106,323.34841872912307,316.37827265710837,322.8785400390625,19891200,0.0,0.0
2023-10-10 00:00:00-04:00,323.99458765130214,324.1316555430621,320.7738506985827,321.47869873046875,20557100,0.0,0.0
2023-10-11 00:00:00-04:00,324.23933335603755,325.81546476985574,322.2129213601342,325.42388916015625,20063200,0.0,0.0
2023-10-12 00:00:00-04:00,323.6127285250308,326.60832442688536,321.8016582231825,324.1903076171875,19313100,0.0,0.0
2023-10-13 00:00:00-04:00,325.3846484410319,326.80411343693316,319.4913278140148,320.83251953125,21072400,0.0,0.0
2023-10-16 00:00:00-04:00,324.08268866001004,329.0655904860134,323.6421773138597,325.6392517089844,22158000,0.0,0.0
2023-10-17 00:00:00-04:00,322.6533636519186,326.44190989346447,320.5192516418675,325.0713806152344,18338500,0.0,0.0
2023-10-18 00:00:00-04:00,325.49229856493486,328.5270609392468,321.3904802675339,323.1623840332031,23153600,0.0,0.0
2023-10-19 00:00:00-04:00,325.15953397789394,329.7899967094516,323.9456406942705,324.3470153808594,25052100,0.0,0.0
2023-10-20 00:00:00-04:00,324.73856573197526,324.934368448125,318.6005359720502,319.79486083984375,25027700,0.0,0.0
2023-10-23 00:00:00-04:00,318.620090545015,325.7273046053134,317.5628335992071,322.3890686035156,24374700,0.0,0.0
2023-10-24 00:00:00-04:00,324.3273920928105,324.8560355263617,320.70528084515973,323.5736083984375,31153600,0.0,0.0
2023-10-25 00:00:00-04:00,337.7586388732426,338.9138270951405,330.51438652342347,333.5002136230469,55053800,0.0,0.0
2023-10-26 00:00:00-04:00,333.37295718073534,334.4400133073603,320.0591786565096,320.98919677734375,37828500,0.0,0.0
2023-10-27 00:00:00-04:00,323.4757210351802,329.63334926048014,321.4884458683103,322.8687744140625,29856500,0.0,0.0
2023-10-30 00:00:00-04:00,326.3929629369711,332.3058517630052,324.8461993312582,330.21087646484375,22828100,0.0,0.0
2023-10-31 00:00:00-04:00,331.71852577091533,331.865362876774,327.64607407506094,330.99407958984375,20265300,0.0,0.0
2023-11-01 00:00:00-04:00,332.6387311841403,340.1081537078223,332.5016633074158,338.78656005859375,28158800,0.0,0.0
2023-11-02 00:00:00-04:00,339.93190993700205,341.4884429030558,337.51389284186956,340.98919677734375,24348100,0.0,0.0
2023-11-03 00:00:00-04:00,342.27167169728,346.9315020236901,340.02005970434163,345.37493896484375,23637700,0.0,0.0
2023-11-06 00:00:00-05:00,346.0112331411466,350.01515060483416,345.9133317859224,349.0263977050781,23828300,0.0,0.0
2023-11-07 00:00:00-05:00,351.83603801636735,354.83163466533523,350.10330030774577,352.9422607421875,25833900,0.0,0.0
2023-11-08 00:00:00-05:00,354.067970995073,356.2118820120091,352.96174852168724,355.5559997558594,26767800,0.0,0.0
2023-11-09 00:00:00-05:00,354.6749477041347,357.11256296700316,352.77577495327927,353.0988464355469,24847300,0.0,0.0
2023-11-10 00:00:00-05:00,353.8819973228906,362.3108050217642,353.47085345970584,361.8898620605469,28042100,0.0,0.0
2023-11-13 00:00:00-05:00,360.4703964021509,360.71513487046275,358.1992162461448,358.9627990722656,19986500,0.0,0.0
2023-11-14 00:00:00-05:00,363.2017412132651,364.1219603838453,359.6187659081923,362.477294921875,27683900,0.0,0.0
2023-11-15 00:00:00-05:00,364.20372057822027,366.0184671527949,360.1131840283514,362.6244201660156,26860100,0.75,0.0
2023-11-16 00:00:00-05:00,363.88976551430744,369.17705042836303,363.12463294088235,369.00048828125,27182300,0.0,0.0
2023-11-17 00:00:00-05:00,366.4892814424939,367.23480603716206,360.0052770614011,362.80096435546875,40157000,0.0,0.0
2023-11-20 00:00:00-05:00,364.1448542442713,371.64904556813445,363.9290460653395,370.2463073730469,52465100,0.0,0.0
2023-11-21 00:00:00-05:00,368.51001608638865,369.0495215118682,364.04671781694736,365.9595642089844,28423100,0.0,0.0
2023-11-22 00:00:00-05:00,370.7956031427492,372.5514954656195,367.8233538705503,370.6484680175781,23345300,0.0,0.0
2023-11-24 00:00:00-05:00,370.1383806452385,370.766197129462,367.99014782412655,370.2364807128906,10176600,0.0,0.0
2023-11-27 00:00:00-05:00,369.5989038114079,373.38535117738047,369.0299712724483,371.3940124511719,22179200,0.0,0.0
2023-11-28 00:00:00-05:00,371.1389683050371,375.7003371685908,370.95258715281994,375.40606689453125,20453100,0.0,0.0
2023-11-29 00:00:00-05:00,376.4458788431164,376.9755653604363,370.2463253437472,371.62945556640625,28963400,0.0,0.0
2023-11-30 00:00:00-05:00,371.2762546529022,372.8457658390955,368.313824366715,371.6882629394531,30554400,0.0,0.0
2023-12-01 00:00:00-05:00,369.57924804408185,370.95255911244834,364.23310896058763,367.37213134765625,33040500,0.0,0.0
2023-12-04 00:00:00-05:00,362.06527668869364,362.47725508494324,355.98343139448775,362.1045227050781,32063300,0.0,0.0
2023-12-05 00:00:00-05:00,359.46578625799856,365.9693989437116,358.65158858882313,365.4200744628906,23065000,0.0,0.0
2023-12-06 00:00:00-05:00,366.42064545969674,367.0484320232483,361.0156519151652,361.7709655761719,21182100,0.0,0.0
2023-12-07 00:00:00-05:00,361.2118749800961,364.3705058457687,359.33827428643895,363.8800354003906,23118900,0.0,0.0
2023-12-08 00:00:00-05:00,362.1633422956095,367.3230703614092,361.2118285564288,367.09747314453125,20154400,0.0,0.0
2023-12-11 00:00:00-05:00,361.4570971757964,364.51762785490314,359.1224531501872,364.22332763671875,27708800,0.0,0.0
2023-12-12 00:00:00-05:00,363.781939239626,367.28390544194406,363.39935791886194,367.2446594238281,24838300,0.0,0.0
2023-12-13 00:00:00-05:00,368.8533179256787,370.44246703468053,363.7033791572921,367.2347717285156,30955500,0.0,0.0
2023-12-14 00:00:00-05:00,366.19500581642444,366.63644114858533,357.18997650221536,358.9556579589844,43277500,0.0,0.0
2023-12-15 00:00:00-05:00,359.858129570657,365.30233890168853,359.29898614385536,363.6641845703125,78502300,0.0,0.0
2023-12-18 00:00:00-05:00,362.4085843593443,365.89091216563435,361.65324079721444,365.5475769042969,21802900,0.0,0.0
2023-12-19 00:00:00-05:00,364.40968123442,366.1459655761719,362.79113493260104,366.1459655761719,20603700,0.0,0.0
2023-12-20 00:00:00-05:00,367.8527690284867,368.8631367699809,363.46796282422974,363.5562438964844,26316700,0.0,0.0
2023-12-21 00:00:00-05:00,365.45929104730993,367.2740374598463,362.98733108269056,366.4206237792969,17708000,0.0,0.0
2023-12-22 00:00:00-05:00,366.557985599773,368.0293969388241,365.60647173641576,367.4408264160156,17107500,0.0,0.0
2023-12-26 00:00:00-05:00,367.8527423015936,369.7557695499751,366.3813313323872,367.51922607421875,12673100,0.0,0.0
2023-12-27 00:00:00-05:00,366.5677589576593,367.9116430236214,365.70452628978785,366.9405212402344,14905400,0.0,0.0
2023-12-28 00:00:00-05:00,368.2157224809446,369.2849443001597,367.0287925621367,368.12744140625,14327000,0.0,0.0
2023-12-29 00:00:00-05:00,368.8337398258849,369.9716347431921,366.361779793351,368.87298583984375,18730800,0.0,0.0
2024-01-02 00:00:00-05:00,366.73448635273246,368.7356138207432,359.779620180644,363.8014831542969,25258600,0.0,0.0
2024-01-03 00:00:00-05:00,361.97695939537715,366.1459576250118,361.48648901542015,363.5366516113281,23083500,0.0,0.0
2024-01-04 00:00:00-05:00,363.6053473830013,365.98902639400353,360.17205450864094,360.9273681640625,20901500,0.0,0.0
2024-01-05 00:00:00-05:00,361.93771572916546,364.96881910463645,359.5147908390338,360.740966796875,21004600,0.0,0.0
2024-01-08 00:00:00-05:00,362.26139076236115,368.04896487668356,361.9769395114855,367.5486755371094,23134000,0.0,0.0
2024-01-09 00:00:00-05:00,364.91982181669266,368.82394731160934,364.11544312045595,368.6277770996094,20830000,0.0,0.0
2024-01-10 00:00:00-05:00,369.1967157740048,376.84807263186053,369.14768070417387,375.4747314453125,25514200,0.0,0.0
2024-01-11 00:00:00-05:00,378.64313944413783,383.2339350900792,373.1302570741052,377.29925537109375,27850800,0.0,0.0
2024-01-12 00:00:00-05:00,378.14285622037966,381.27205974083927,377.31886954764786,381.0660705566406,21661200,0.0,0.0
2024-01-16 00:00:00-05:00,386.1571295021332,386.5200727807335,380.2322391394401,382.83172607421875,27202300,0.0,0.0
2024-01-17 00:00:00-05:00,380.58540492477397,382.67478358686355,377.47580955942465,382.0469970703125,22234100,0.0,0.0
2024-01-18 00:00:00-05:00,384.2540816844417,386.48080623556007,382.6845706202122,386.36309814453125,23392100,0.0,0.0
2024-01-19 00:00:00-05:00,388.2171444423586,391.0716857910156,386.00020863284516,391.0716857910156,29331100,0.0,0.0
2024-01-22 00:00:00-05:00,392.3959014424087,392.98447186970276,386.088459710553,388.95281982421875,27016900,0.0,0.0
2024-01-23 00:00:00-05:00,388.2072839775827,391.7681035262422,386.42196470997874,391.2972412109375,20525900,0.0,0.0
2024-01-24 00:00:00-05:00,393.8869938433054,397.89903829237466,392.81777191847715,394.8875427246094,24867000,0.0,0.0
2024-01-25 00:00:00-05:00,396.6139674673759,399.25270045475327,394.858075159448,397.1534729003906,21021200,0.0,0.0
2024-01-26 00:00:00-05:00,396.6630311468464,398.4287425690661,394.7600035777077,396.2314147949219,17803300,0.0,0.0
2024-01-29 00:00:00-05:00,398.3208248033987,402.16612596865383,396.6237864171102,401.91107177734375,24510200,0.0,0.0
2024-01-30 00:00:00-05:00,404.4025859669934,405.1775074959977,398.703323410596,400.8025207519531,33477600,0.0,0.0
2024-01-31 00:00:00-05:00,399.2036086917865,407.40428830097585,389.6394371111151,390.00238037109375,47871100,0.0,0.0
2024-02-01 00:00:00-05:00,394.17141257606636,400.2238302394902,394.1419855506921,396.0842590332031,30657700,0.0,0.0
2024-02-02 00:00:00-05:00,396.113671921669,404.78518434173446,395.86843674032343,403.3824462890625,28256700,0.0,0.0
2024-02-05 00:00:00-05:00,402.0875769731937,403.32357180404665,396.2902139876251,397.9185791015625,25352300,0.0,0.0
2024-02-06 00:00:00-05:00,398.1442695260025,400.1944322717671,395.23087405866585,397.7616882324219,18382600,0.0,0.0
2024-02-07 00:00:00-05:00,399.67453429921477,406.4037740259386,399.6352882839393,406.1585388183594,22340500,0.0,0.0
2024-02-08 00:00:00-05:00,406.1584616300691,407.639691581848,404.6674426282855,406.2173156738281,21225300,0.0,0.0
2024-02-09 00:00:00-05:00,407.335693369119,412.7995411607667,407.178739238723,412.53466796875,22032800,0.0,0.0
2024-02-12 00:00:00-05:00,412.5444947169564,412.7210568909958,406.8452305904798,407.34552001953125,21202900,0.0,0.0
2024-02-13 00:00:00-05:00,397.2221636270064,402.2543946406928,395.70171738557195,398.57586669921875,27824900,0.0,0.0
2024-02-14 00:00:00-05:00,401.03275815392834,402.77222335184723,397.59311635632974,402.4282531738281,20401200,0.75,0.0
2024-02-15 00:00:00-05:00,401.1015057472966,402.0744232742021,397.31789426635277,399.5487365722656,21825500,0.0,0.0
2024-02-16 00:00:00-05:00,400.9246260176193,401.24895188558764,396.4825852713034,397.0918884277344,22296500,0.0,0.0
2024-02-20 00:00:00-05:00,396.2859715934003,397.514414893887,391.1461840185904,395.84375,24307900,0.0,0.0
2024-02-21 00:00:00-05:00,393.2689765841808,395.3524118295115,390.3698381114288,395.2442932128906,18518900,0.0,0.0
2024-02-22 00:00:00-05:00,403.1161813071161,405.710638303165,401.52412337910727,404.5509948730469,27009900,0.0,0.0
2024-02-23 00:00:00-05:00,408.5016799323737,408.6883757427927,401.9172111140197,403.2635803222656,16295900,0.0,0.0
2024-02-26 00:00:00-05:00,404.3642838981377,405.05222425854834,400.3349831970826,400.51190185546875,16193500,0.0,0.0
2024-02-27 00:00:00-05:00,400.9540958991776,401.2784217577938,396.8855068799419,400.4529113769531,14835800,0.0,0.0
2024-02-28 00:00:00-05:00,401.1408405413653,402.24152110085487,398.33017625490425,400.68878173828125,13183100,0.0,0.0
2024-02-29 00:00:00-05:00,401.59293981884394,407.05705416129825,398.9198455368932,406.5067138671875,31947300,0.0,0.0
2024-03-01 00:00:00-05:00,404.17756158377745,408.6982397267373,403.7943028017663,408.3346252441406,17823400,0.0,0.0
2024-03-04 00:00:00-05:00,406.3101908967546,410.15276617969135,405.2095102002069,407.7646789550781,17596000,0.0,0.0
2024-03-05 00:00:00-05:00,406.82122421853853,407.10623154705894,393.73095128662374,395.7062683105469,26919200,0.0,0.0
2024-03-06 00:00:00-05:00,396.02071283324057,398.17294829822555,391.5197089331465,395.1558837890625,22344100,0.0,0.0
2024-03-07 00:00:00-05:00,399.11641162004844,402.713298120837,395.3033178435415,402.0843505859375,18718500,0.0,0.0
2024-03-08 00:00:00-05:00,400.9246750672685,403.34227368160253,397.35727003094775,399.2146911621094,18002200,0.0,0.0
2024-03-11 00:00:00-04:00,396.7970720878644,398.68394443475927,394.34018518419236,397.5439453125,16120800,0.0,0.0
2024-03-12 00:00:00-04:00,400.59053286353617,408.40344602882556,399.7748595225906,408.1184387207031,22457000,0.0,0.0
2024-03-13 00:00:00-04:00,410.8897312790389,410.96833845604056,404.3544187575241,407.94146728515625,17115900,0.0,0.0
2024-03-14 00:00:00-04:00,412.99286375239626,420.4421618629372,410.7816654727546,417.8869934082031,34157300,0.0,0.0
2024-03-15 00:00:00-04:00,412.0592402980969,415.31215606424155,405.6713345351322,409.2387390136719,45079900,0.0,0.0
2024-03-18 00:00:00-04:00,407.10616562272253,413.4744273628243,406.6442696787311,410.12322998046875,20106000,0.0,0.0
2024-03-19 00:00:00-04:00,410.62442124737834,414.39822603826195,408.38374152289526,414.1427001953125,19837900,0.0,0.0
2024-03-20 00:00:00-04:00,414.7225113763612,418.61421185332546,413.4056235884817,417.8968200683594,17860100,0.0,0.0
2024-03-21 00:00:00-04:00,422.41748239432127,423.3904300401875,419.7935438740281,421.9654235839844,21296200,0.0,0.0
2024-03-22 00:00:00-04:00,422.2897797457437,422.44699413264203,418.72237476810477,421.3463134765625,17648500,0.0,0.0
2024-03-25 00:00:00-04:00,417.9066185646381,420.03920955948905,414.33921403828305,415.5676574707031,18060500,0.0,0.0
2024-03-26 00:00:00-04:00,418.2702405050307,418.64369211377476,414.08372560652526,414.3785400390625,16725600,0.0,0.0
2024-03-27 00:00:00-04:00,417.1204243635022,417.13026150811925,411.78407332169564,414.1623229980469,16705000,0.0,0.0
2024-03-28 00:00:00-04:00,413.70048169854954,414.5947922292506,411.8922163366139,413.4646301269531,21871200,0.0,0.0
2024-04-01 00:00:00-04:00,416.6389267777452,420.51098325002465,414.9387501061958,417.24822998046875,16316000,0.0,0.0
2024-04-02 00:00:00-04:00,412.8650690915943,415.0959414899842,410.6342266844982,414.1721496582031,17912000,0.0,0.0
2024-04-03 00:00:00-04:00,412.49163417809825,415.9607570118389,411.86265678472216,413.19921875,16502300,0.0,0.0
2024-04-04 00:00:00-04:00,417.66095627375125,421.27751676074166,410.3689323931849,410.673583984375,19370900,0.0,0.0
2024-04-05 00:00:00-04:00,412.7668951431704,419.1548019931233,411.1060369628787,418.1818542480469,16554800,0.0,0.0
2024-04-08 00:00:00-04:00,417.83783679739304,419.91143485729225,416.0000602813901,417.267822265625,14272400,0.0,0.0
2024-04-09 00:00:00-04:00,419.0859553029516,420.3635245342137,414.34907001434647,418.9287109375,12496900,0.0,0.0
2024-04-10 00:00:00-04:00,414.90923013212864,416.7174952724338,412.4621804028437,415.9607849121094,16216600,0.0,0.0
2024-04-11 00:00:00-04:00,418.4766034449177,421.9653705491401,415.07625067131136,420.5502014160156,17966400,0.0,0.0
2024-04-12 00:00:00-04:00,416.73718451939897,417.84770230483133,412.53099493709567,414.624267578125,19253800,0.0,0.0
2024-04-15 00:00:00-04:00,419.2432078029309,419.4594150607099,406.30031376342345,406.5067138671875,20273500,0.0,0.0
2024-04-16 00:00:00-04:00,407.420612769205,411.1845499778848,406.5951024412481,407.430419921875,16765600,0.0,0.0
2024-04-17 00:00:00-04:00,410.054469901942,411.65636514019064,403.2537929988289,404.7377624511719,15855500,0.0,0.0
2024-04-18 00:00:00-04:00,403.54861503604855,404.78689570186344,396.98382006074763,397.29827880859375,21029900,0.0,0.0
2024-04-19 00:00:00-04:00,397.0623898394721,398.4873961854359,390.9103356715456,392.237060546875,30565800,0.0,0.0
2024-04-22 00:00:00-04:00,393.18052011404563,395.9027700554988,388.9252051027742,394.04534912109375,20286900,0.0,0.0
2024-04-23 00:00:00-04:00,397.26876128202184,401.1604915950337,396.10911790196513,400.5413513183594,15734500,0.0,0.0
2024-04-24 00:00:00-04:00,402.4969925599919,405.3568121940371,399.7649358292137,402.005615234375,15065300,0.0,0.0
2024-04-25 00:00:00-04:00,387.2348667133991,392.9938253486681,381.3383380037112,392.1584777832031,40586500,0.0,0.0
2024-04-26 00:00:00-04:00,405.0620486762338,405.8777219430486,398.7625869715763,399.31292724609375,29694700,0.0,0.0
2024-04-29 00:00:00-04:00,398.261343947103,399.31289867869236,392.3058528379069,395.3130798339844,19582100,0.0,0.0
2024-04-30 00:00:00-04:00,394.5662074998568,395.2246663994194,382.4586913890698,382.61590576171875,28781400,0.0,0.0
2024-05-01 00:00:00-04:00,385.83928476700595,394.79219513177367,383.57896109180126,388.1291198730469,23562500,0.0,0.0
2024-05-02 00:00:00-04:00,390.80226783236736,393.0331103770738,387.84416635932274,390.9791564941406,17709400,0.0,0.0
2024-05-03 00:00:00-04:00,395.3425934548566,400.12860445610875,394.92982324925293,399.6470642089844,17446700,0.0,0.0
2024-05-06 00:00:00-04:00,401.71081997342634,406.79164496723695,399.3620218492585,406.40838623046875,16996600,0.0,0.0
2024-05-07 00:00:00-04:00,407.50914701107223,407.51898415720547,402.03519506612554,402.2808837890625,20018200,0.0,0.0
2024-05-08 00:00:00-04:00,401.13105042212936,405.1210326153664,399.6962067828019,403.4601745605469,11792300,0.0,0.0
2024-05-09 00:00:00-04:00,403.48968211746933,405.60259913130744,402.045031230476,405.2095031738281,14689700,0.0,0.0
2024-05-10 00:00:00-04:00,405.81879129865774,408.2167155386998,404.6984363706866,407.5877380371094,13402300,0.0,0.0
2024-05-13 00:00:00-04:00,410.8013229086305,411.13545592488975,403.7353138522874,406.5852966308594,15440200,0.0,0.0
2024-05-14 00:00:00-04:00,404.91462752191757,410.29029755221785,404.45273155985166,409.3763427734375,15109300,0.0,0.0
2024-05-15 00:00:00-04:00,411.433999213995,417.2525598208021,410.81374213755174,416.5338439941406,22239500,0.75,0.0
2024-05-16 00:00:00-04:00,415.273599957198,418.83761399416454,413.84605341031005,414.47613525390625,17530100,0.0,0.0
2024-05-17 00:00:00-04:00,416.00221762948183,416.37634285020215,411.56198942365705,413.708251953125,15352200,0.0,0.0
2024-05-20 00:00:00-04:00,413.7082502471213,420.1667475860199,413.49165301735496,418.7588806152344,16272100,0.0,0.0
2024-05-21 00:00:00-04:00,420.22581467067795,426.27082729608003,418.2764696581723,422.4016418457031,21453300,0.0,0.0
2024-05-22 00:00:00-04:00,423.43539455106486,425.71950537683756,420.5212017999642,423.8587341308594,18073700,0.0,0.0
2024-05-23 00:00:00-04:00,426.2708180980622,426.89107515061806,418.83764844643395,420.3931884765625,17211700,0.0,0.0
2024-05-24 00:00:00-04:00,420.58025544710625,424.39037161476875,417.84327052223153,423.5043029785156,11855300,0.0,0.0
2024-05-28 00:00:00-04:00,422.9825388810405,424.15412896604386,419.999421868943,423.661865234375,15718000,0.0,0.0
2024-05-29 00:00:00-04:00,419.1034967099491,424.27226587320916,419.1034967099491,422.5296630859375,15517100,0.0,0.0
2024-05-30 00:00:00-04:00,417.7349403773821,417.7349403773821,407.8305976923989,408.25396728515625,28394500,0.0,0.0
2024-05-31 00:00:00-04:00,410.3018082986228,410.3018082986228,398.25120211572766,408.7068786621094,47995300,0.0,0.0
2024-06-03 00:00:00-04:00,409.10064418608687,409.98671278257075,402.59293289369214,407.1217346191406,17484700,0.0,0.0
2024-06-04 00:00:00-04:00,406.0486602967713,409.9966250957063,403.3412097338974,409.6323547363281,14348900,0.0,0.0
2024-06-05 00:00:00-04:00,411.3453510614717,417.51832644992857,409.85870521580796,417.4494323730469,16988000,0.0,0.0
2024-06-06 00:00:00-04:00,417.44948005128595,418.7293536763162,414.0725281736093,417.9515686035156,14861300,0.0,0.0
2024-06-07 00:00:00-04:00,419.60560716420275,419.68435613947076,416.4551073364084,417.2919616699219,13621700,0.0,0.0
2024-06-10 00:00:00-04:00,418.1287297891469,421.4564066138097,417.33126513039383,421.2496643066406,13982900,0.0,0.0
2024-06-11 00:00:00-04:00,418.8967715885156,426.1231998343133,418.67031944713443,425.9853515625,14551100,0.0,0.0
2024-06-12 00:00:00-04:00,428.58444890305617,436.5394165910894,426.54647009815636,434.2356262207031,22366200,0.0,0.0
2024-06-13 00:00:00-04:00,434.02890334988575,436.5296113185569,432.57179200487434,434.7475891113281,15960600,0.0,0.0
2024-06-14 00:00:00-04:00,431.4986289418585,436.2834473000101,429.962768739338,435.7222595214844,13582000,0.0,0.0
2024-06-17 00:00:00-04:00,435.7420189694067,443.96282953462116,433.9009573670922,441.4325866699219,20790000,0.0,0.0
2024-06-18 00:00:00-04:00,442.7517817727517,443.17515136355723,438.00638282722565,439.4339294433594,17112500,0.0,0.0
2024-06-20 00:00:00-04:00,439.3945864733692,439.62103860195157,434.442414629224,438.80389404296875,19877400,0.0,0.0
2024-06-21 00:00:00-04:00,440.45787995794916,443.6083496603445,439.60134591371855,442.82073974609375,34187100,0.0,0.0
2024-06-24 00:00:00-04:00,442.84045705555275,445.74482519591487,439.5029244573709,440.7434387207031,15913700,0.0,0.0
2024-06-25 00:00:00-04:00,441.3144201727987,444.4353853435752,439.83762902888526,443.97265625,16413400,0.0,0.0
2024-06-26 00:00:00-04:00,442.05283004707155,446.58166237734525,441.2553652071883,445.1639404296875,16507000,0.0,0.0
2024-06-27 00:00:00-04:00,445.1836151073107,449.11190006347704,444.7799552473841,445.84326171875,14806300,0.0,0.0
2024-06-28 00:00:00-04:00,446.05981801420484,448.33407381119525,439.5028621939787,440.0345153808594,28362300,0.0,0.0
2024-07-01 00:00:00-04:00,441.71809469633655,450.2933204774516,438.76451231040363,449.6632385253906,17662800,0.0,0.0
2024-07-02 00:00:00-04:00,446.18782328625804,452.4789376582484,446.09918938158694,452.1737365722656,13979800,0.0,0.0
2024-07-03 00:00:00-04:00,451.10061852531385,453.88681788882053,450.7954174304016,453.64068603515625,9932800,0.0,0.0
2024-07-05 00:00:00-04:00,452.4986178155469,461.10340760685847,451.8685359116121,460.32562255859375,16000300,0.0,0.0
2024-07-08 00:00:00-04:00,459.33126311315795,460.4634937005408,457.27360437796756,459.02606201171875,12962300,0.0,0.0
2024-07-09 00:00:00-04:00,459.7742528044674,460.0991335961139,450.91350703307506,452.4296875,17207200,0.0,0.0
2024-07-10 00:00:00-04:00,454.0836869882495,459.24260047662796,451.7601869137214,459.0358581542969,18196100,0.0,0.0
2024-07-11 00:00:00-04:00,455.81652839633193,457.58866578342753,444.5633568384772,447.6646423339844,23111200,0.0,0.0
2024-07-12 00:00:00-04:00,447.3003093014831,449.29889867197954,443.67725577045155,446.5323791503906,16324300,0.0,0.0
2024-07-15 00:00:00-04:00,446.28627396172595,450.185024234339,444.44521246679955,446.9360656738281,14429400,0.0,0.0
2024-07-16 00:00:00-04:00,447.19204922721934,447.27079820143007,439.7490242805094,442.56475830078125,17175700,0.0,0.0
2024-07-17 00:00:00-04:00,435.74198947896895,437.9670310742686,432.38474735385836,436.6575927734375,21778000,0.0,0.0
2024-07-18 00:00:00-04:00,437.46494130393756,437.7701424222079,427.67873564964367,433.5563659667969,20794800,0.0,0.0
2024-07-19 00:00:00-04:00,426.3988669076758,434.31447643242683,425.3158806469495,430.3468017578125,20940400,0.0,0.0
2024-07-22 00:00:00-04:00,434.9543169670971,437.7208362299543,432.11887358350543,436.0865173339844,15808800,0.0,0.0
2024-07-23 00:00:00-04:00,437.0316974699668,441.45224583194545,436.24408758502966,437.9670104980469,13107100,0.0,0.0
2024-07-24 00:00:00-04:00,433.6351033912307,434.64916540683873,420.9740654607642,422.2637939453125,26805800,0.0,0.0
2024-07-25 00:00:00-04:00,422.1653174889069,423.1498448431678,411.0500252919827,411.9262390136719,29943800,0.0,0.0
2024-07-26 00:00:00-04:00,411.7293557750341,422.28349032231534,410.8137224917234,418.68994140625,23583800,0.0,0.0
2024-07-29 00:00:00-04:00,424.90231413559286,425.46350195400487,418.1287909882396,420.12738037109375,15125800,0.0,0.0
2024-07-30 00:00:00-04:00,421.10209315676275,422.4115014796213,410.90237288373,416.3763732910156,32687600,0.0,0.0
2024-07-31 00:00:00-04:00,413.9937725831716,415.2539664560443,405.8320320070505,411.8770446777344,42891400,0.0,0.0
2024-08-01 00:00:00-04:00,414.2792724511176,420.84605305704525,406.69839983005807,410.65618896484375,30296400,0.0,0.0
2024-08-02 00:00:00-04:00,406.10769576372263,408.5788691410044,398.08380349930894,402.1695861816406,29437900,0.0,0.0
2024-08-05 00:00:00-04:00,383.1485258419234,394.8348607957488,379.61404618021845,389.0359802246094,40709200,0.0,0.0
2024-08-06 00:00:00-04:00,393.81095153508136,399.39323499306323,392.3341604668248,393.4269714355469,24946500,0.0,0.0
2024-08-07 00:00:00-04:00,402.3173368345742,403.73502880977026,391.32015130804484,392.2652893066406,20650900,0.0,0.0
2024-08-08 00:00:00-04:00,396.2132187300544,399.58028569311574,393.7519001712231,396.4593505859375,20203000,0.0,0.0
2024-08-09 00:00:00-04:00,397.7786234799922,401.736413003281,396.0360207139592,399.7378234863281,19276700,0.0,0.0
2024-08-12 00:00:00-04:00,400.76172633567404,402.43543495594565,397.98535182009545,400.5155944824219,16762900,0.0,0.0
2024-08-13 00:00:00-04:00,403.2525929980432,408.52967573215994,403.23291326546496,407.6042175292969,19414300,0.0,0.0
2024-08-14 00:00:00-04:00,408.38197108714223,411.2568044389076,406.0683556338293,410.41009521484375,18267000,0.0,0.0
2024-08-15 00:00:00-04:00,414.0495331175792,415.34158622213624,411.9388626649199,415.2626953125,20752100,0.75,0.0
2024-08-16 00:00:00-04:00,414.83859034033384,415.5684441235936,411.5837759699612,412.7377624511719,22775600,0.0,0.0
2024-08-19 00:00:00-04:00,413.22102581055816,415.97281647426513,410.7552711189502,415.7558288574219,15234000,0.0,0.0
2024-08-20 00:00:00-04:00,415.92356696995296,420.0265568174448,415.8643912576991,418.9810791015625,16387600,0.0,0.0
2024-08-21 00:00:00-04:00,418.27090283610073,420.55913050260955,415.943244764668,418.3301086425781,16067300,0.0,0.0
2024-08-22 00:00:00-04:00,418.5470440541718,420.94378045645306,408.9306008917766,409.85772705078125,19361900,0.0,0.0
2024-08-23 00:00:00-04:00,411.2681797994915,413.51694694228206,406.4451490290269,411.0807800292969,18493800,0.0,0.0
2024-08-26 00:00:00-04:00,410.6665432369522,411.56408163461276,405.7054455704439,407.82598876953125,13152800,0.0,0.0
2024-08-27 00:00:00-04:00,407.2045864016282,408.6840392458711,404.6303529004273,408.1711730957031,13492900,0.0,0.0
2024-08-28 00:00:00-04:00,409.19692623598894,409.315277644923,401.73061382710534,404.9755554199219,14882700,0.0,0.0
2024-08-29 00:00:00-04:00,409.2561363555491,416.26872882049446,404.975589475056,407.4610595703125,17045200,0.0,0.0
2024-08-30 00:00:00-04:00,409.90708149754283,411.7711764633265,406.4846126518204,411.4259948730469,24308300,0.0,0.0
2024-09-03 00:00:00-04:00,412.1854608426902,414.1284769320411,401.4544905684809,403.83148193359375,20313600,0.0,0.0
2024-09-04 00:00:00-04:00,400.34985575804666,405.6068322704441,398.8309422223781,403.29888916015625,15135800,0.0,0.0
2024-09-05 00:00:00-04:00,402.0363656944642,407.44131080829675,400.56678553175374,402.79583740234375,14195500,0.0,0.0
2024-09-06 00:00:00-04:00,403.4566777506577,405.0248942566708,395.30981392110493,396.197509765625,19609500,0.0,0.0
2024-09-09 00:00:00-04:00,401.6615826272171,403.0522719406784,396.6413094868822,400.16241455078125,15295100,0.0,0.0
2024-09-10 00:00:00-04:00,402.6084940695935,410.62710415809914,402.11534306269766,408.52630615234375,19594300,0.0,0.0
2024-09-11 00:00:00-04:00,409.8084532189213,418.1821469994098,403.9695325309428,417.24517822265625,19266900,0.0,0.0
2024-09-12 00:00:00-04:00,417.51145302107784,421.5158363092752,414.0002206806835,421.1509094238281,17395700,0.0,0.0
2024-09-13 00:00:00-04:00,419.9969049719398,425.914716092092,419.63197810212404,424.69171142578125,15874600,0.0,0.0
2024-09-16 00:00:00-04:00,424.7015732808735,427.59143041386807,422.35417011362034,425.4314270019531,13834700,0.0,0.0
2024-09-17 00:00:00-04:00,434.199669703098,435.79747386739723,426.34868538784633,429.1892395019531,18874200,0.0,0.0
2024-09-18 00:00:00-04:00,429.04132931995406,430.05721907964937,424.5142071811442,424.9087219238281,18898000,0.0,0.0
2024-09-19 00:00:00-04:00,435.18603209956774,435.4523227974912,430.9153276838819,432.6808166503906,21706600,0.0,0.0
2024-09-20 00:00:00-04:00,431.23091793236443,433.22323693457605,428.27201223229315,429.3076171875,55167100,0.0,0.0
2024-09-23 00:00:00-04:00,428.33115788248597,430.481288649773,424.4944594123769,427.57171630859375,15128900,0.0,0.0
2024-09-24 00:00:00-04:00,427.06875254523504,427.4139642542688,420.2632749795507,423.2912292480469,17015800,0.0,0.0
2024-09-25 00:00:00-04:00,423.94212038705155,427.18706197372046,422.6994004960537,426.1908874511719,13396400,0.0,0.0
2024-09-26 00:00:00-04:00,429.1300753187062,429.33719028271923,423.2517246244965,425.40185546875,14492000,0.0,0.0
2024-09-27 00:00:00-04:00,425.6089779793521,425.93447445668835,421.6144673905514,422.15692138671875,14896100,0.0,0.0
2024-09-30 00:00:00-04:00,422.3443332995087,424.52408219664926,419.54323948144145,424.40570068359375,16807300,0.0,0.0
2024-10-01 00:00:00-04:00,422.58108089859957,422.61066875300435,413.07311568923785,414.9273681640625,19092900,0.0,0.0
2024-10-02 00:00:00-04:00,416.7914652693021,417.0281982052677,411.00187763203274,411.4161376953125,16582300,0.0,0.0
2024-10-03 00:00:00-04:00,411.90926344701154,413.8029462214933,408.61501874387466,410.8341979980469,13686400,0.0,0.0
2024-10-04 00:00:00-04:00,412.5109404707377,414.00026612845136,409.28574375388894,410.3608093261719,19169700,0.0,0.0
2024-10-07 00:00:00-04:00,410.30158600641573,411.3963666559109,403.3974727803463,403.9300842285156,20919800,0.0,0.0
2024-10-08 00:00:00-04:00,405.2714281620606,409.9662346464486,402.5788433485802,409.02923583984375,19229300,0.0,0.0
2024-10-09 00:00:00-04:00,410.16348810998284,414.6215919010832,408.62485957486433,411.7415771484375,14974300,0.0,0.0
2024-10-10 00:00:00-04:00,409.54216908706456,411.63312440285347,407.49064417755886,410.143798828125,13848400,0.0,0.0
2024-10-11 00:00:00-04:00,410.4397214022164,411.4161507329335,407.58929422530787,410.61724853515625,14144900,0.0,0.0
2024-10-14 00:00:00-04:00,412.0473616280092,418.2314942204609,411.8007861364326,413.39862060546875,16653100,0.0,0.0
2024-10-15 00:00:00-04:00,416.3969398711013,416.69284850861214,409.57174739931537,413.0040588378906,18900200,0.0,0.0
2024-10-16 00:00:00-04:00,409.4829836231505,410.65665522282575,404.85722518493617,410.4199523925781,15508900,0.0,0.0
2024-10-17 00:00:00-04:00,416.57447660649984,416.7125733271007,409.89722324961605,411.0117492675781,14820000,0.0,0.0
2024-10-18 00:00:00-04:00,411.4260201751563,413.90161766396704,410.5580696214905,412.4320373535156,17145300,0.0,0.0
2024-10-21 00:00:00-04:00,410.4199513395574,413.22104518863654,408.08242059822123,413.04351806640625,14206100,0.0,0.0
2024-10-22 00:00:00-04:00,412.75752809912296,424.6819160644371,412.3137102440662,421.65399169921875,25482200,0.0,0.0
2024-10-23 00:00:00-04:00,424.95807417580835,425.1750618243365,416.742191587473,418.7838439941406,19654400,0.0,0.0
2024-10-24 00:00:00-04:00,419.5037748840412,420.144895200207,416.6139175340375,418.9120178222656,13581600,0.0,0.0
2024-10-25 00:00:00-04:00,420.9142122484759,426.5952907757042,420.72681247783265,422.28515625,16899100,0.0,0.0
2024-10-28 00:00:00-04:00,425.7470788183642,426.02324214447043,420.46048501920137,420.74652099609375,14882400,0.0,0.0
2024-10-29 00:00:00-04:00,422.1372070838931,427.23640107681365,419.96733089551304,426.0331115722656,17644100,0.0,0.0
2024-10-30 00:00:00-04:00,431.4479095602445,432.4933871760131,426.1810609771617,426.60516357421875,29749100,0.0,0.0
2024-10-31 00:00:00-04:00,409.6703738017444,410.4594334413064,400.73448031809437,400.7838134765625,53971000,0.0,0.0
2024-11-01 00:00:00-04:00,403.40736208449033,409.80845197934053,401.9180365381017,404.74871826171875,24230400,0.0,0.0
2024-11-04 00:00:00-05:00,404.18650910637746,404.7980415718176,400.01447130701087,402.8648681640625,19672300,0.0,0.0
2024-11-05 00:00:00-05:00,402.7760918050739,409.2166418436789,402.4900558335031,405.8237609863281,17626000,0.0,0.0
2024-11-06 00:00:00-05:00,406.77072415275114,414.6907287889292,404.8967260885143,414.4244079589844,26681800,0.0,0.0
2024-11-07 00:00:00-05:00,415.5092398399127,421.0029483375747,414.12842327754487,419.6023864746094,19901800,0.0,0.0
2024-11-08 00:00:00-05:00,419.4939629624982,420.65779206836214,416.00244554535874,416.7520446777344,16891400,0.0,0.0
2024-11-11 00:00:00-05:00,416.7322894657105,418.99092936118404,410.301611581567,412.2840881347656,24503300,0.0,0.0
2024-11-12 00:00:00-05:00,412.5207686609151,418.6259798148705,411.485163708279,417.23529052734375,19401200,0.0,0.0
2024-11-13 00:00:00-05:00,415.8643777407356,423.44901221052845,412.481339102593,419.3756103515625,21502200,0.0,0.0
2024-11-14 00:00:00-05:00,419.17832483529844,422.30491523139983,414.24681513135374,421.0424499511719,30246900,0.0,0.0
2024-11-15 00:00:00-05:00,414.0693210931382,417.0084818478404,407.9739818358906,409.3153381347656,28247600,0.0,0.0
2024-11-18 00:00:00-05:00,409.18708769998454,412.6687324009395,406.4550421174999,410.0649108886719,24727000,0.0,0.0
2024-11-19 00:00:00-05:00,407.4511618868994,412.2150169012381,405.912533336808,412.06707763671875,18133500,0.0,0.0
2024-11-20 00:00:00-05:00,411.1597160983201,411.57397618834216,404.9558679972854,409.7986145019531,19191700,0.0,0.0
2024-11-21 00:00:00-05:00,414.5818472703372,414.85856338751086,405.47983232208855,408.0295715332031,20780200,0.83,0.0
2024-11-22 00:00:00-05:00,406.54717570369087,412.50647998528166,406.2408124943726,412.1111755371094,24814600,0.0,0.0
2024-11-25 00:00:00-05:00,413.4749606494442,416.14328803070504,409.9863472135053,413.8801574707031,27691100,0.0,0.0
2024-11-26 00:00:00-05:00,414.6707766023476,424.0099980685231,413.93946191933657,422.9722900390625,23458900,0.0,0.0
2024-11-27 00:00:00-05:00,420.12608556589345,422.22125646736464,417.07231569319254,418.03094482421875,18332400,0.0,0.0
2024-11-29 00:00:00-05:00,415.1649061905191,419.89875718802,412.9017454606376,418.4953918457031,16271900,0.0,0.0
2024-12-02 00:00:00-05:00,416.62759418862754,427.92358362660957,416.37063273208213,425.9272766113281,20207200,0.0,0.0
2024-12-03 00:00:00-05:00,424.80058218242306,427.3997530713115,422.7251964040861,426.1446533203125,18302000,0.0,0.0
2024-12-04 00:00:00-05:00,427.95320145991604,434.5153692878957,427.5578970490266,432.291748046875,26009400,0.0,0.0
2024-12-05 00:00:00-05:00,432.7859063083414,439.44687793021666,431.0564230401268,437.4307861328125,21697800,0.0,0.0
2024-12-06 00:00:00-05:00,437.1145598403157,440.87002757046025,436.5907746503493,438.36968994140625,18821000,0.0,0.0
2024-12-09 00:00:00-05:00,437.41103647885797,443.0738395996816,435.33565050126293,440.7909240722656,19144400,0.0,0.0
2024-12-10 00:00:00-05:00,439.1800467406791,444.34871163189086,436.42274787532307,438.1324462890625,18469500,0.0,0.0
2024-12-11 00:00:00-05:00,438.84398789693245,445.0701453909691,438.84398789693245,443.72607421875,19200200,0.0,0.0
2024-12-12 00:00:00-05:00,443.8446923743848,450.81205740820604,443.8446923743848,444.2894287109375,20834800,0.0,0.0
2024-12-13 00:00:00-05:00,443.1825414368637,446.13747735633456,440.3560560775405,442.0262451171875,20177800,0.0,0.0
2024-12-16 00:00:00-05:00,442.02626356510217,446.8787030896928,440.0596036741231,446.2956237792969,23598800,0.0,0.0
2024-12-17 00:00:00-05:00,445.7224537683285,449.9522746519603,444.2993336430134,449.1319885253906,22733500,0.0,0.0
2024-12-18 00:00:00-05:00,446.02882636391814,447.3432204529913,431.89645846414146,432.26214599609375,24444500,0.0,0.0
2024-12-19 00:00:00-05:00,436.44249480171817,437.9842031344139,431.2046434354816,431.90631103515625,22963700,0.0,0.0
2024-12-20 00:00:00-05:00,428.03224964237955,438.53762947103075,423.6047919913248,431.4813537597656,64263700,0.0,0.0
2024-12-23 00:00:00-05:00,431.619738686297,432.5190736490341,427.755575118412,430.147216796875,19152500,0.0,0.0
2024-12-24 00:00:00-05:00,429.5541964268554,434.4461751355928,429.09959787026054,434.1793212890625,7164500,0.0,0.0
2024-12-26 00:00:00-05:00,433.9322924323696,435.7705018127553,431.5110338839644,432.9736633300781,8194200,0.0,0.0
2024-12-27 00:00:00-05:00,429.5048352492743,430.117561657289,421.351556737901,425.4825439453125,18117700,0.0,0.0
2024-12-30 00:00:00-05:00,421.0649558192297,422.5374777077036,416.9537232035626,419.849365234375,13158700,0.0,0.0
2024-12-31 00:00:00-05:00,421.1044562623139,421.727075036825,415.72823181420273,416.5583801269531,13246500,0.0,0.0
2025-01-02 00:00:00-05:00,420.54116958363784,421.0748471756245,409.98638702094667,413.6726379394531,16896500,0.0,0.0
2025-01-03 00:00:00-05:00,416.1433125624827,419.0587393010629,414.62138898974536,418.38671875,16662900,0.0,0.0
2025-01-06 00:00:00-05:00,422.98225030348175,429.2281636678101,420.4918049209047,422.8340148925781,20573600,0.0,0.0
2025-01-07 00:00:00-05:00,423.9704889084133,425.6011386030249,415.8666120215368,417.418212890625,18139100,0.0,0.0
2025-01-08 00:00:00-05:00,418.4954097350683,421.9642686702226,416.5979364179098,419.58251953125,15054600,0.0,0.0
2025-01-10 00:00:00-05:00,419.65166984768115,419.7307186624862,410.1543211903234,414.03826904296875,20201100,0.0,0.0
2025-01-13 00:00:00-05:00,410.3717995418403,413.593589604229,407.45640284839305,412.2989501953125,17604800,0.0,0.0
2025-01-14 00:00:00-05:00,412.9116788431012,414.8190446806072,405.90480416806594,410.7967834472656,16935900,0.0,0.0
2025-01-15 00:00:00-05:00,414.2161660512409,423.1304056035061,413.3662329233126,421.3119812011719,19637800,0.0,0.0
2025-01-16 00:00:00-05:00,423.6739565648765,424.45467293276505,419.4144891834001,419.60223388671875,15300000,0.0,0.0
2025-01-17 00:00:00-05:00,429.0007970548674,429.386239236107,423.1502190446997,424.0001220703125,26197500,0.0,0.0
2025-01-21 00:00:00-05:00,425.1564304696716,425.84820570918225,420.61035394801814,423.4763488769531,26085700,0.0,0.0
2025-01-22 00:00:00-05:00,432.430120920086,442.0262741390286,430.888412499157,440.9688415527344,27803800,0.0,0.0
2025-01-23 00:00:00-05:00,436.81806704057095,441.5123788470024,436.3239289556834,441.47283935546875,18389300,0.0,0.0
2025-01-24 00:00:00-05:00,439.94102216929423,441.4135440071518,436.225094129831,438.8539123535156,15549500,0.0,0.0
2025-01-27 00:00:00-05:00,419.03899970511213,430.09781275609777,418.53496919379126,429.4653015136719,35647800,0.0,0.0
2025-01-28 00:00:00-05:00,429.5048071593075,443.1232508667098,426.32255685114393,441.95709228515625,23491700,0.0,0.0
2025-01-29 00:00:00-05:00,441.45306462654537,441.6408395030523,435.23679935643304,437.1441650390625,23581400,0.0,0.0
2025-01-30 00:00:00-05:00,413.86037732807745,417.9024230144378,408.31616280623206,410.12469482421875,54586300,0.0,0.0
2025-01-31 00:00:00-05:00,414.06796458574274,415.7579084081136,410.0456732964256,410.19390869140625,34161900,0.0,0.0
2025-02-03 00:00:00-05:00,406.774468051233,410.53979775772405,403.8689337668832,406.1024475097656,25679100,0.0,0.0
2025-02-04 00:00:00-05:00,407.85171705562664,409.067307667959,404.9362901326214,407.53546142578125,20532100,0.0,0.0
2025-02-05 00:00:00-05:00,407.5157200553288,408.978349611442,405.5885692928633,408.4447021484375,16316700,0.0,0.0
2025-02-06 00:00:00-05:00,409.1463070589971,413.29707875974475,409.1463070589971,410.9449768066406,16309800,0.0,0.0
2025-02-07 00:00:00-05:00,411.59727657785896,413.7418190108213,403.31551731813784,404.9461669921875,22886800,0.0,0.0
2025-02-10 00:00:00-05:00,408.85972888435845,410.5892121947109,406.10246006462063,407.38720703125,20817900,0.0,0.0
2025-02-11 00:00:00-05:00,404.83747842325164,407.65404147500567,404.50143797348676,406.6163635253906,18140600,0.0,0.0
2025-02-12 00:00:00-05:00,402.435914112503,405.93442005448907,399.6292135248499,404.2444763183594,19121700,0.0,0.0
2025-02-13 00:00:00-05:00,402.22836193070845,406.18146622486773,401.59585076694265,405.72686767578125,23891700,0.0,0.0
2025-02-14 00:00:00-05:00,403.00912053959007,404.1159849495273,401.1215095634391,403.6416015625,22758500,0.0,0.0
2025-02-18 00:00:00-05:00,403.2167063843153,405.7862306432336,401.7342920226082,404.8374938964844,21423100,0.0,0.0
2025-02-19 00:00:00-05:00,403.09808061190597,410.61884763156144,402.8707662400353,409.90728759765625,24114200,0.0,0.0
2025-02-20 00:00:00-05:00,411.24417583261857,415.2250013636158,408.52096684547683,412.07598876953125,23508700,0.83,0.0
2025-02-21 00:00:00-05:00,413.27418223243296,413.97725680128366,403.91626425407014,404.2331237792969,27524800,0.0,0.0
2025-02-24 00:00:00-05:00,404.5301894031576,405.38179653354615,395.4297185716828,400.0641174316406,26443700,0.0,0.0
2025-02-25 00:00:00-05:00,397.1923965138258,398.00441513588805,392.8352683816966,394.0235595703125,29387400,0.0,0.0
2025-02-26 00:00:00-05:00,394.13250979931917,399.66804717869115,390.40913086553707,395.83575439453125,19619000,0.0,0.0
2025-02-27 00:00:00-05:00,397.36068340902,401.7871363921192,388.34936280983527,388.7058410644531,21127400,0.0,0.0
2025-02-28 00:00:00-05:00,388.83463352266693,393.7562160246685,382.8039671137811,393.1224365234375,32845700,0.0,0.0
2025-03-03 00:00:00-05:00,394.93457905310964,394.93457905310964,382.3979130752632,384.7052001953125,23007700,0.0,0.0
2025-03-04 00:00:00-05:00,379.6648014174362,388.75535997703025,377.2881889484286,384.82403564453125,29342900,0.0,0.0
2025-03-05 00:00:00-05:00,385.5469260754551,397.7568203379533,385.02209070764377,397.1131286621094,23433100,0.0,0.0
2025-03-06 00:00:00-05:00,390.438848896208,398.23217304119834,388.8544303529959,393.0234375,23304600,0.0,0.0
2025-03-07 00:00:00-05:00,388.497925986767,390.9537458547577,381.7839796807534,389.478271484375,22034100,0.0,0.0
2025-03-10 00:00:00-04:00,382.08101618213806,382.63555806032025,373.5449998926919,376.45635986328125,32840100,0.0,0.0
2025-03-11 00:00:00-04:00,375.30770541349494,382.23950999896846,373.2380702422645,376.74359130859375,30380200,0.0,0.0
2025-03-12 00:00:00-04:00,379.21921226907705,381.4670864515663,375.2581813231993,379.53607177734375,24253600,0.0,0.0
2025-03-13 00:00:00-04:00,379.42714079198,381.5661010325616,373.7727778338423,375.07989501953125,20473000,0.0,0.0
2025-03-14 00:00:00-04:00,376.0801044136148,386.42831046600287,375.8127456880931,384.7745666503906,19952800,0.0,0.0
2025-03-17 00:00:00-04:00,382.9326924641042,388.88412112316473,381.813696346666,384.9132080078125,22474300,0.0,0.0
2025-03-18 00:00:00-04:00,383.2990634136601,383.5961286419255,377.38722360904,379.78363037109375,19486900,0.0,0.0
2025-03-19 00:00:00-04:00,381.77404945468027,385.8836128611327,380.25895638414784,384.041748046875,19185500,0.0,0.0
2025-03-20 00:00:00-04:00,381.98206039861145,387.97313863322194,379.5460345045817,383.07135009765625,18470500,0.0,0.0
2025-03-21 00:00:00-04:00,379.4865617188815,387.92354654843615,379.0706401827953,387.4482421875,39675900,0.0,0.0
2025-03-24 00:00:00-04:00,391.54786272911446,391.54786272911446,386.0123261773924,389.2504577636719,21004500,0.0,0.0
2025-03-25 00:00:00-04:00,390.082331804945,392.49853282327706,388.8148031404558,391.31024169921875,15775000,0.0,0.0
2025-03-26 00:00:00-04:00,391.1518020411883,391.4587795188397,384.784452111458,386.1708068847656,16108400,0.0,0.0
2025-03-27 00:00:00-04:00,386.3292739557081,388.41870337339975,383.62585932715103,386.7748718261719,13766800,0.0,0.0
2025-03-28 00:00:00-04:00,384.2992097422753,385.3389984995421,373.2578420054409,375.109619140625,21632000,0.0,0.0
2025-03-31 00:00:00-04:00,368.91066922952973,373.39653609737746,363.66228447346174,371.73291015625,35184700,0.0,0.0
2025-04-01 00:00:00-04:00,371.00006183577835,379.120187514209,369.59391274714585,378.46661376953125,19689500,0.0,0.0
2025-04-02 00:00:00-04:00,374.2877562933966,381.3284750168948,372.95090216784337,378.4171447753906,16092600,0.0,0.0
2025-04-03 00:00:00-04:00,371.1386925275575,373.80248816308017,365.75168821202425,369.47503662109375,30198000,0.0,0.0
2025-04-04 00:00:00-04:00,360.5825648601157,370.94065262193254,355.97787229621173,356.3343505859375,49209900,0.0,0.0
2025-04-07 00:00:00-04:00,347.4616768226877,367.38565979064595,341.43101018463227,354.3736572265625,50425000,0.0,0.0
2025-04-08 00:00:00-04:00,364.6723484414274,370.00982228854286,346.8377957272636,351.1058044433594,35868900,0.0,0.0
2025-04-09 00:00:00-04:00,350.09575274548115,389.3990874327872,349.6600368937789,386.6857604980469,50199700,0.0,0.0
2025-04-10 00:00:00-04:00,378.33787067807094,380.1599412978202,364.21678559967916,377.6347961425781,38024400,0.0,0.0
2025-04-11 00:00:00-04:00,376.9317086118959,386.25000705363004,375.1987576222842,384.6656188964844,23839200,0.0,0.0
2025-04-14 00:00:00-04:00,389.38918941494444,390.80525087459347,380.46695659777833,384.0318908691406,19251200,0.0,0.0
2025-04-15 00:00:00-04:00,384.7250528209778,388.07212889209285,380.41742551182244,381.9721374511719,17199900,0.0,0.0
2025-04-16 00:00:00-04:00,376.9614484928254,377.892263018399,364.4148689208335,367.98968505859375,21967800,0.0,0.0
2025-04-17 00:00:00-04:00,370.10883089247193,370.6732850580017,363.31567729138493,364.1969909667969,21120200,0.0,0.0
2025-04-21 00:00:00-04:00,359.2853342749941,360.9291658129438,352.20499720618693,355.6213684082031,20807300,0.0,0.0
2025-04-22 00:00:00-04:00,359.83984897446516,364.1870645763753,356.3541225187108,363.246337890625,19485000,0.0,0.0
2025-04-23 00:00:00-04:00,372.396358924379,376.6841922722663,369.38596664501534,370.7426452636719,20545500,0.0,0.0
2025-04-24 00:00:00-04:00,372.0398293104223,384.6656149627633,371.53478821384334,383.52679443359375,22232300,0.0,0.0
2025-04-25 00:00:00-04:00,383.2297451406492,388.33947870228997,380.8531326101871,388.0325012207031,18973200,0.0,0.0
2025-04-28 00:00:00-04:00,388.1414373128656,388.91383718504306,382.8732888048125,387.3492431640625,16579400,0.0,0.0
2025-04-29 00:00:00-04:00,387.4878753983452,391.2508732709842,386.5768551213708,390.2012023925781,14974000,0.0,0.0
2025-04-30 00:00:00-04:00,386.49757125114587,392.79562598704683,380.69467558939255,391.4092712402344,36461100,0.0,0.0
2025-05-01 00:00:00-04:00,426.9100091091665,432.7327295827746,420.76051687113977,421.2556457519531,58938100,0.0,0.0
2025-05-02 00:00:00-04:00,427.533877248033,435.1588741169636,425.80092616148227,431.0393981933594,30757400,0.0,0.0
2025-05-05 00:00:00-04:00,428.652877068793,435.2182909345157,427.9002714913439,431.9207458496094,20136100,0.0,0.0
2025-05-06 00:00:00-04:00,427.9894209087166,433.46554517602334,426.9694566129341,429.0885925292969,15104200,0.0,0.0
2025-05-07 00:00:00-04:00,429.6134515274466,433.8517538131467,426.9100367836598,429.12823486328125,23295300,0.0,0.0
2025-05-08 00:00:00-04:00,433.66356271096413,439.3476626606329,431.41568853142036,433.9012451171875,23491300,0.0,0.0
2025-05-09 00:00:00-04:00,435.7133964534002,436.4461774951318,431.6335394854884,434.4557800292969,15324200,0.0,0.0
2025-05-12 00:00:00-04:00,441.5955462250109,444.9921230759706,435.4955548202822,444.8832092285156,22821900,0.0,0.0
2025-05-13 00:00:00-04:00,443.41763796979524,446.2794975271711,441.021200788799,444.764404296875,23618800,0.0,0.0
2025-05-14 00:00:00-04:00,443.7741186799948,449.4779827199474,443.7741186799948,448.52734375,19902800,0.0,0.0
2025-05-15 00:00:00-04:00,447.1979616790238,452.57502540604634,446.860659567107,449.5392761230469,21992300,0.83,0.0
2025-05-16 00:00:00-04:00,448.4678481067336,450.7595407562394,445.1741794982958,450.6702575683594,23849800,0.0,0.0
2025-05-19 00:00:00-04:00,447.3070896149787,455.9480603525366,447.2277066057748,455.2337646484375,21336500,0.0,0.0
2025-05-20 00:00:00-04:00,451.9797648957129,454.70797307292094,450.71983965496236,454.5393371582031,15441800,0.0,0.0
2025-05-21 00:00:00-04:00,450.9678549991314,454.1524094962116,448.229716398419,448.98370361328125,19216900,0.0,0.0
2025-05-22 00:00:00-04:00,451.3448676580097,456.6028569421555,450.30316997101943,451.25555419921875,18025600,0.0,0.0
2025-05-23 00:00:00-04:00,446.4142434023006,450.0948358464348,445.3527151156796,446.6126403808594,16883500,0.0,0.0
2025-05-27 00:00:00-04:00,452.86270711658346,457.2972865174385,452.5055441364309,457.0393371582031,20974300,0.0,0.0
2025-05-28 00:00:00-04:00,457.56517641086623,458.8548627693229,453.3091629867606,453.7357482910156,17086300,0.0,0.0
2025-05-29 00:00:00-04:00,457.89257129241645,458.0612374989779,451.702028016876,455.0453186035156,13974800,0.0,0.0
2025-05-30 00:00:00-04:00,456.07706236471586,458.0215223462663,451.9301930198663,456.71197509765625,34770500,0.0,0.0
2025-06-02 00:00:00-04:00,453.51752207653715,458.44810948050275,453.2695031394806,458.3092346191406,16626500,0.0,0.0
2025-06-03 00:00:00-04:00,457.8131864599202,460.4620419695056,457.20800452370844,459.3013000488281,15743800,0.0,0.0
2025-06-04 00:00:00-04:00,460.32309699178137,461.9997072455568,459.35085196524574,460.1941223144531,14162700,0.0,0.0
2025-06-05 00:00:00-04:00,461.2755213187348,465.92835889810493,460.35289815926444,463.9739685058594,20131700,0.0,0.0
2025-06-06 00:00:00-04:00,466.3648469522318,469.5890928719542,465.06523024972654,466.6525573730469,15285600,0.0,0.0
2025-06-09 00:00:00-04:00,465.9780260656937,469.6784495081475,464.90656722268056,469.00384521484375,16469900,0.0,0.0
2025-06-10 00:00:00-04:00,467.45614299188406,469.0533703074369,463.2596519580402,467.18829345703125,15375900,0.0,0.0
2025-06-11 00:00:00-04:00,466.29544434484353,471.7022694228479,465.9383115986028,468.8748474121094,16399200,0.0,0.0
2025-06-12 00:00:00-04:00,471.2557893550323,476.6130223697302,469.7676758011157,475.0752868652344,18950600,0.0,0.0
2025-06-13 00:00:00-04:00,472.6348110082228,475.3828499324856,469.0137405811006,471.1962890625,16814500,0.0,0.0
2025-06-16 00:00:00-04:00,471.44428961660435,476.8808754060361,471.23596219473825,475.3431701660156,15626100,0.0,0.0
2025-06-17 00:00:00-04:00,471.63279762120845,474.9463269378011,470.3232503868908,474.25189208984375,15414100,0.0,0.0
2025-06-18 00:00:00-04:00,474.21220825159133,477.1884355000323,470.70025162122124,476.4344482421875,17526500,0.0,0.0
2025-06-20 00:00:00-04:00,478.4087168746746,479.6289507141904,473.09117492174096,473.6169738769531,37576200,0.0,0.0
2025-06-23 00:00:00-04:00,474.42052531416374,483.884936234588,468.76571183115124,482.1488037109375,24864000,0.0,0.0
2025-06-24 00:00:00-04:00,485.07541514458467,487.9524285572733,482.9424282150726,486.2261962890625,22305600,0.0,0.0
2025-06-25 00:00:00-04:00,488.1409215620263,490.64094135329833,485.5119270894243,488.36907958984375,17495100,0.0,0.0
2025-06-26 00:00:00-04:00,489.07347716233096,494.09337765578726,488.9048109762518,493.508056640625,21578900,0.0,0.0
2025-06-27 00:00:00-04:00,493.60726767719865,495.3434002058453,489.12309627390664,492.0100402832031,34539200,0.0,0.0
2025-06-30 00:00:00-04:00,493.101351114434,496.79187420420715,491.4048797426009,493.4684143066406,28369000,0.0,0.0
2025-07-01 00:00:00-04:00,492.53586720632853,494.1033336285329,487.0893808236798,488.15087890625,19945400,0.0,0.0
2025-07-02 00:00:00-04:00,486.107196925814,489.5893925672679,484.82744098086494,487.198486328125,16319600,0.0,0.0
2025-07-03 00:00:00-04:00,489.89694493303733,496.16687121115365,489.52988173373706,494.8870849609375,13984800,0.0,0.0
2025-07-07 00:00:00-04:00,493.4386378219278,494.7977767455099,491.3056810299541,493.77593994140625,13981600,0.0,0.0
2025-07-08 00:00:00-04:00,493.2997134401056,494.25212791462184,490.1945116420166,492.68463134765625,11846600,0.0,0.0
2025-07-09 00:00:00-04:00,496.33549554664154,502.76415743455226,495.77993553758444,499.52008056640625,18659500,0.0,0.0
2025-07-10 00:00:00-04:00,499.0637004891913,500.4427003321828,493.80571105535574,497.50616455078125,16492100,0.0,0.0
2025-07-11 00:00:00-04:00,494.51996982276876,501.0279839194423,493.85526578992295,499.33154296875,16459500,0.0,0.0
2025-07-14 00:00:00-04:00,497.5458219138798,499.9764196247383,497.0597144820079,499.033935546875,12058800,0.0,0.0
2025-07-15 00:00:00-04:00,499.033906939414,504.27206541624594,498.805748905247,501.8117370605469,14927200,0.0,0.0
2025-07-16 00:00:00-04:00,501.1768265275145,502.70463167926073,497.9129190668174,501.61334228515625,15154400,0.0,0.0
2025-07-17 00:00:00-04:00,501.67285674255714,509.3019216630888,501.61333461976557,507.6451721191406,17503100,0.0,0.0
2025-07-18 00:00:00-04:00,510.4030974050004,510.5618634291492,503.40897568442307,506.0082092285156,21209700,0.0,0.0
2025-07-21 00:00:00-04:00,502.69466780228106,508.0320701704435,501.54385636100875,506.01812744140625,14066800,0.0,0.0
2025-07-22 00:00:00-04:00,506.92092641726225,507.1491147296819,501.2660827636719,501.2660827636719,13868600,0.0,0.0
2025-07-23 00:00:00-04:00,502.73439015336794,502.77408166088094,496.73234393031225,501.8613586425781,16396600,0.0,0.0
2025-07-24 00:00:00-04:00,504.73833906736274,509.5995039044367,503.27998658866585,506.8316345214844,16107000,0.0,0.0
2025-07-25 00:00:00-04:00,508.4090573683804,514.1829458042694,506.3157919577708,509.6392822265625,19125700,0.0,0.0
2025-07-28 00:00:00-04:00,510.0063088656235,510.91900158393673,506.07766717141,508.4388122558594,14308000,0.0,0.0
2025-07-29 00:00:00-04:00,511.4448055642593,513.5182098314434,507.50623361872493,508.50823974609375,16469200,0.0,0.0
2025-07-30 00:00:00-04:00,511.08761139494,511.8614594904868,505.40303712186204,509.17291259765625,26380400,0.0,0.0
2025-07-31 00:00:00-04:00,550.8301225339796,551.0484106553389,527.6850421089878,529.2723388671875,51617300,0.0,0.0
2025-08-01 00:00:00-04:00,530.7605061500977,531.5541546097426,516.7325410439772,519.956787109375,28977600,0.0,0.0
2025-08-04 00:00:00-04:00,524.0839138486996,533.9848111754816,523.9450087012631,531.3955078125,25349000,0.0,0.0
2025-08-05 00:00:00-04:00,532.9231983823397,533.0422426180032,523.0619638515897,523.5679321289062,19171600,0.0,0.0
2025-08-06 00:00:00-04:00,526.6930670104376,527.486715540996,519.8775111011839,520.7802734375,21355700,0.0,0.0
2025-08-07 00:00:00-04:00,522.6255013664995,523.9053178574718,513.4488005319126,516.7127685546875,16079100,0.0,0.0
2025-08-08 00:00:00-04:00,518.4587582353118,520.502431840537,515.2940341981842,517.9031982421875,15531000,0.0,0.0
2025-08-11 00:00:00-04:00,518.1612057268388,523.4093257403006,515.6016330725902,517.6354370117188,20194400,0.0,0.0
2025-08-12 00:00:00-04:00,519.5997169841131,526.7724058726347,518.5580494708657,525.0462036132812,18667000,0.0,0.0
2025-08-13 00:00:00-04:00,527.8934364066101,528.4787877679453,515.2544004746543,516.454833984375,19619200,0.0,0.0
2025-08-14 00:00:00-04:00,518.4191046945965,521.7822560401938,516.0182983192124,518.3397216796875,20269100,0.0,0.0
2025-08-15 00:00:00-04:00,518.627406652342,521.9309749680182,514.9666450837208,516.0479736328125,25213300,0.0,0.0
2025-08-18 00:00:00-04:00,517.4567900842618,518.6770238166106,509.9467697824549,513.0023193359375,23760600,0.0,0.0
2025-08-19 00:00:00-04:00,510.91900524319027,511.0777107186651,504.5201046206217,505.7304382324219,21481000,0.0,0.0
2025-08-20 00:00:00-04:00,505.829663283555,506.9507137373093,500.4426991689255,501.7125549316406,27723000,0.0,0.0
2025-08-21 00:00:00-04:00,500.5201238427197,504.4353306174317,499.5562271428435,501.066650390625,18443300,0.83,0.0
2025-08-22 00:00:00-04:00,501.07655468445085,507.51578439064156,499.248138173549,504.0378112792969,24324200,0.0,0.0
2025-08-25 00:00:00-04:00,503.44159720621536,504.9917771303553,500.9473838488724,501.0865173339844,21638600,0.0,0.0
2025-08-26 00:00:00-04:00,501.18583887731603,501.8019624337255,495.37267961289456,498.8804626464844,30835700,0.0,0.0
2025-08-27 00:00:00-04:00,498.8407434548062,504.09746017877256,496.75395340313815,503.5509033203125,17277900,0.0,0.0
2025-08-28 00:00:00-04:00,503.89867767213724,507.87350408410515,502.3186878124423,506.4326477050781,18015600,0.0,0.0
2025-08-29 00:00:00-04:00,505.458793364042,506.39287997665497,501.3150235761296,503.5011901855469,20961600,0.0,0.0
2025-09-02 00:00:00-04:00,497.32034095368414,502.81553721257154,493.68337117589067,501.9410705566406,18128000,0.0,0.0
2025-09-03 00:00:00-04:00,500.6194673133705,504.5942937991858,499.1587173668126,502.1696472167969,16345100,0.0,0.0
2025-09-04 00:00:00-04:00,501.1262158347851,504.95199223037696,499.983459333639,504.77313232421875,15509500,0.0,0.0
2025-09-05 00:00:00-04:00,505.86622472604114,508.74796779288187,489.27131242222254,491.884765625,31994800,0.0,0.0
2025-09-08 00:00:00-04:00,494.97517595073856,498.04575600626316,491.91457299081776,495.06463623046875,16771000,0.0,0.0
2025-09-09 00:00:00-04:00,498.27429847652155,499.0891451753406,494.5677922273047,495.2733154296875,14410500,0.0,0.0
2025-09-10 00:00:00-04:00,499.81456783685906,500.06299449245154,493.5939546766565,497.2209777832031,21611800,0.0,0.0
2025-09-11 00:00:00-04:00,499.08915061774627,500.00337405269875,494.7466575341409,497.8569641113281,18881600,0.0,0.0
2025-09-12 00:00:00-04:00,503.4614629424367,509.32432605160386,500.67909648146514,506.6910095214844,23624900,0.0,0.0
2025-09-15 00:00:00-04:00,505.58800862213144,512.2259313574772,503.80926524972944,512.1166381835938,17143800,0.0,0.0
2025-09-16 00:00:00-04:00,513.6271130220401,513.9748860992247,505.39922293408733,505.8364562988281,19711900,0.0,0.0
2025-09-17 00:00:00-04:00,507.4064717390096,508.07226852063866,502.74598524416496,506.81024169921875,15816600,0.0,0.0
2025-09-18 00:00:00-04:00,508.270998935228,509.84107240669834,504.4651158521554,505.2501525878906,18913700,0.0,0.0
2025-09-19 00:00:00-04:00,507.34691829589656,516.0319056285313,507.09849160720086,514.6705322265625,52474100,0.0,0.0
2025-09-22 00:00:00-04:00,512.3452424901319,514.48167541423,509.3143886623668,511.21240234375,20009300,0.0,0.0
2025-09-23 00:00:00-04:00,510.56645428814153,511.35152134239047,504.1173079645634,506.0252380371094,19799600,0.0,0.0
2025-09-24 00:00:00-04:00,507.16798604562155,509.2547456727144,503.72976965544393,506.9394226074219,13533700,0.0,0.0
2025-09-25 00:00:00-04:00,505.1010467430239,506.8003068435259,501.8615838862597,503.83905029296875,15786500,0.0,0.0
2025-09-26 00:00:00-04:00,506.849997214163,510.70558375978015,503.4316440082871,508.2411804199219,16213100,0.0,0.0
2025-09-29 00:00:00-04:00,508.28089264453985,513.5971983462931,505.6773863749633,511.3613586425781,17617800,0.0,0.0
2025-09-30 00:00:00-04:00,510.0099885223437,514.8990082310244,506.45253207823936,514.6903686523438,19728200,0.0,0.0
2025-10-01 00:00:00-04:00,511.5600762745242,517.2341620265153,508.4696637232757,516.439208984375,22632300,0.0,0.0
2025-10-02 00:00:00-04:00,514.3823296081488,518.3173691617891,507.4661094259624,512.4942626953125,21222900,0.0,0.0
2025-10-03 00:00:00-04:00,513.8456285403139,517.2143082734997,511.75886906280147,514.0940551757812,15112300,0.0,0.0
2025-10-06 00:00:00-04:00,515.3461902238155,527.6880704621805,514.9387971845453,525.2435302734375,21388600,0.0,0.0
2025-10-07 00:00:00-04:00,524.9652461341774,526.4657528279373,518.1583800775612,520.682373046875,14615200,0.0,0.0
2025-10-08 00:00:00-04:00,519.9867481874902,523.6336339322414,519.7979415330736,521.5468139648438,13363400,0.0,0.0
2025-10-09 00:00:00-04:00,519.0526847229869,521.0301509722098,514.143772141299,519.1123046875,18343600,0.0,0.0
2025-10-10 00:00:00-04:00,516.3697201998212,520.2849266906686,506.42270727517143,507.74432373046875,24133800,0.0,0.0
2025-10-13 00:00:00-04:00,513.1600134586593,513.1600134586593,508.45980051307464,510.81488037109375,14284200,0.0,0.0
2025-10-14 00:00:00-04:00,507.01894463812107,512.0371813139038,502.8155546768959,510.3379211425781,14684300,0.0,0.0
2025-10-15 00:00:00-04:00,511.71919177145384,513.93513816427,506.7903850161382,510.19879150390625,14694700,0.0,0.0
2025-10-16 00:00:00-04:00,509.35418580491137,513.5972720757079,504.93217895922305,508.3902587890625,15559600,0.0,0.0
2025-10-17 00:00:00-04:00,505.8364332653001,512.235876086287,504.1173098719632,510.3478698730469,19867800,0.0,0.0
2025-10-20 00:00:00-04:00,511.3713853844849,515.4356724346321,510.1988187679518,513.5376586914062,14665600,0.0,0.0
2025-10-21 00:00:00-04:00,514.2431942660954,515.4257076122852,509.81124074780416,514.4021606445312,15586200,0.0,0.0
2025-10-22 00:00:00-04:00,517.8702452376143,521.9245247034462,514.4518919333965,517.2640380859375,18962700,0.0,0.0
2025-10-23 00:00:00-04:00,519.1719411998674,520.6525542416625,515.3461346267313,517.2838745117188,14023500,0.0,0.0
2025-10-24 00:00:00-04:00,519.4997896375017,522.0436758041421,517.4329238246899,520.3146362304688,15532400,0.0,0.0
2025-10-27 00:00:00-04:00,528.4333612309177,531.2157277722118,525.6807743511338,528.1749877929688,18734700,0.0,0.0
2025-10-28 00:00:00-04:00,546.5385938392855,550.2351530342114,537.3667019364588,538.6585083007812,29986700,0.0,0.0
2025-10-29 00:00:00-04:00,541.5104645203966,542.8321112501552,533.3521116884923,538.1417846679688,36023000,0.0,0.0
2025-10-30 00:00:00-04:00,527.1414993194383,531.6032326010347,518.834126044735,522.4512329101562,41023100,0.0,0.0
2025-10-31 00:00:00-04:00,525.5515477587454,525.9887810857076,511.85824179468614,514.5512084960938,34006400,0.0,0.0
2025-11-03 00:00:00-05:00,516.5385956979154,521.6562086548496,511.3514766558802,513.776123046875,22374700,0.0,0.0
2025-11-04 00:00:00-05:00,508.53933673798264,512.3054631947169,504.64399323613884,511.0931701660156,20958700,0.0,0.0
2025-11-05 00:00:00-05:00,510.06960470137113,511.5900049686576,503.39189488693165,503.96826171875,23024300,0.0,0.0
2025-11-06 00:00:00-05:00,502.47768369906356,502.51744045426454,492.6896676102462,493.9715576171875,27406500,0.0,0.0
2025-11-07 00:00:00-05:00,493.8225155697467,496.2372153715257,490.1457889557352,493.6933288574219,24019800,0.0,0.0
2025-11-10 00:00:00-05:00,496.8930687697553,503.66020845333964,495.66085193460816,502.8155517578125,26101500,0.0,0.0
2025-11-11 00:00:00-05:00,501.62311202080633,506.39292220487647,499.1885488885237,505.47869873046875,17980000,0.0,0.0
2025-11-12 00:00:00-05:00,506.1543908722183,508.4498810705414,495.9788447581273,507.9232177734375,26574900,0.0,0.0
2025-11-13 00:00:00-05:00,507.09842927280135,510.2683558569415,498.13520636364063,500.12261962890625,25273100,0.0,0.0
2025-11-14 00:00:00-05:00,495.0944623167857,508.38031503091224,494.30942559248354,506.96923828125,28505700,0.0,0.0
2025-11-17 00:00:00-05:00,505.2501227292945,508.8970088955905,501.7323929449627,504.296142578125,19092800,0.0,0.0
2025-11-18 00:00:00-05:00,492.2524466910109,499.8145698875434,483.71651040889276,490.6824035644531,33815100,0.0,0.0
2025-11-19 00:00:00-05:00,487.0156083775533,492.0735713081103,479.79134202204426,484.0543518066406,23245300,0.0,0.0
2025-11-20 00:00:00-05:00,490.525525238351,491.38172816347884,473.39183555424523,476.308837890625,26802500,0.91,0.0
2025-11-21 00:00:00-05:00,476.3785437287191,476.796695003642,466.19388806310616,470.0268249511719,31769200,0.0,0.0
2025-11-24 00:00:00-05:00,472.8940649877621,474.7856351712577,465.94500021095376,471.89849853515625,34421000,0.0,0.0
2025-11-25 00:00:00-05:00,471.9681767111092,477.0256407210385,462.82888433135173,474.8752136230469,28019800,0.0,0.0
2025-11-26 00:00:00-05:00,484.1539406114854,486.14507360501653,479.06661039650686,483.3475341796875,25709100,0.0,0.0
2025-11-28 00:00:00-05:00,485.4382224868377,490.44592067381114,484.49242217644115,489.82867431640625,14386700,0.0,0.0
2025-12-01 00:00:00-05:00,486.27447583839387,487.68816317334665,482.5012705124726,484.5820007324219,23964000,0.0,0.0
2025-12-02 00:00:00-05:00,484.56211884124775,491.312058367048,484.16389832530854,487.82757568359375,19562700,0.0,0.0
2025-12-03 00:00:00-05:00,474.2082166599713,482.09308589504883,473.0931871020635,475.6119689941406,34615100,0.0,0.0
2025-12-04 00:00:00-05:00,477.6329924690825,479.1860737742951,474.377470578239,478.70819091796875,22318200,0.0,0.0
2025-12-05 00:00:00-05:00,480.3807061976695,481.2568095233099,476.7568601661199,481.01788330078125,22608700,0.0,0.0
2025-12-08 00:00:00-05:00,482.74025101921535,490.11737199051475,482.2325023858298,488.8430480957031,21965900,0.0,0.0
2025-12-09 00:00:00-05:00,486.93155551686203,489.93815525049575,486.33420957194573,489.8385925292969,14696100,0.0,0.0
2025-12-10 00:00:00-05:00,481.88404333185355,482.10306917330496,472.9737111601482,476.43829345703125,35756200,0.0,0.0
2025-12-11 00:00:00-05:00,474.51683677020293,483.8751552220924,473.750231167373,481.3265075683594,24669200,0.0,0.0
2025-12-12 00:00:00-05:00,477.69270598810584,480.31105063829824,474.22812377070755,476.4084167480469,21248100,0.0,0.0
2025-12-15 00:00:00-05:00,477.97146396596463,478.588710310573,470.42505317808707,472.7148742675781,23727700,0.0,0.0
2025-12-16 00:00:00-05:00,469.8177748762136,475.7712732838117,468.79234263095657,474.2779235839844,20705600,0.0,0.0
2025-12-17 00:00:00-05:00,474.79560024235434,477.8718969329872,472.8940646732686,474.00909423828125,24527200,0.0,0.0
2025-12-18 00:00:00-05:00,476.06992080908344,487.4293375934554,475.7712630284666,481.8342590332031,28573500,0.0,0.0
2025-12-19 00:00:00-05:00,485.1992432324443,485.68709144559693,480.35083955461556,483.7656555175781,70836100,0.0,0.0
2025-12-22 00:00:00-05:00,483.9647726311972,486.5632169440421,480.5499868948874,482.7701110839844,16963000,0.0,0.0
2025-12-23 00:00:00-05:00,482.8298239351052,485.66716398872717,482.59086732909867,484.6915283203125,14683600,0.0,0.0
2025-12-24 00:00:00-05:00,483.5267014178325,486.99128356758627,482.680463867149,485.8563232421875,5855900,0.0,0.0
2025-12-26 00:00:00-05:00,484.5521325365998,485.9558848600665,483.8054577080926,485.5476989746094,8842200,0.0,0.0
2025-12-29 00:00:00-05:00,482.71034015280554,486.1848877649252,482.0333622504328,484.9404296875,10893400,0.0,0.0
2025-12-30 00:00:00-05:00,483.77557941756965,487.5089534635432,483.3474931520442,485.3187255859375,13944500,0.0,0.0
2025-12-31 00:00:00-05:00,485.6771523949816,485.97584057107747,481.15727202744546,481.4758605957031,15601600,0.0,0.0
2026-01-02 00:00:00-05:00,482.24244872265706,482.5112407273309,468.07552715971417,470.84320068359375,25571600,0.0,0.0
2026-01-05 00:00:00-05:00,471.95825856508776,473.9593569778809,467.4184776979013,470.7536315917969,25250300,0.0,0.0
2026-01-06 00:00:00-05:00,471.69937935780575,476.617480129593,467.6673473241013,476.3885192871094,23037700,0.0,0.0
2026-01-07 00:00:00-05:00,477.63296458601815,487.5288974221053,475.83099176167434,481.3265075683594,25564200,0.0,0.0
2026-01-08 00:00:00-05:00,479.10639276886474,480.5201105081445,473.7502403609407,475.9902648925781,18162600,0.0,0.0
2026-01-09 00:00:00-05:00,471.9582322108041,477.6927047258898,470.106493184136,477.15509033203125,18491000,0.0,0.0
2026-01-12 00:00:00-05:00,474.5566738594685,478.85749783991434,473.57104241242143,475.06439208984375,23519900,0.0,0.0
2026-01-13 00:00:00-05:00,472.57548334410274,473.6706125344443,463.88420753037366,468.5832824707031,28545800,0.0,0.0
2026-01-14 00:00:00-05:00,464.3919198839424,466.1242261748137,455.1431293963808,457.34332275390625,28184300,0.0,0.0
2026-01-15 00:00:00-05:00,462.062293141988,462.19172164087615,453.8787357567712,454.6353759765625,23225800,0.0,0.0
2026-01-16 00:00:00-05:00,455.8001683410004,461.1364202404358,454.45617795729186,457.8211669921875,34246700,0.0,0.0
2026-01-20 00:00:00-05:00,449.2195254560932,454.77477325819245,447.2881239806389,452.5048828125,26130000,0.0,0.0
2026-01-21 00:00:00-05:00,450.5934019351739,450.6829992738946,436.7351029497524,442.1410217285156,37980500,0.0,0.0
2026-01-22 00:00:00-05:00,445.6354487179439,450.8323067932568,442.7284117030413,449.1398620605469,25349400,0.0,0.0
2026-01-23 00:00:00-05:00,449.8665935761158,469.01134678020316,448.5325382185013,463.8841857910156,38000200,0.0,0.0
2026-01-26 00:00:00-05:00,463.2470406576191,472.1474075016215,459.9517180089597,468.19500732421875,29291200,0.0,0.0
2026-01-27 00:00:00-05:00,471.5998386603028,480.72916597612596,471.0622242712429,478.4493103027344,29213900,0.0,0.0
2026-01-28 00:00:00-05:00,481.06767161592717,481.59532063648624,475.8807787479093,479.49468994140625,36875400,0.0,0.0
2026-01-29 00:00:00-05:00,438.0392806211351,440.5381621786467,419.1533835040837,431.57806396484375,128855300,0.0,0.0
2026-01-30 00:00:00-05:00,437.2229597325442,437.65104604221966,424.5593524472701,428.38232421875,58566800,0.0,0.0
2026-02-02 00:00:00-05:00,428.33251789753194,428.8303011436502,420.37795134689077,421.49298095703125,42219900,0.0,0.0
2026-02-03 00:00:00-05:00,420.1390072256922,420.178808008447,406.7486263222299,409.3868713378906,61424100,0.0,0.0
2026-02-04 00:00:00-05:00,409.1778088233149,417.9387813848693,407.4256021580933,412.3536682128906,45012400,0.0,0.0
2026-02-05 00:00:00-05:00,405.6335909812077,406.4897635323938,390.5806313349955,391.9246520996094,66289200,0.0,0.0
2026-02-06 00:00:00-05:00,397.4002746193236,400.0086538663787,391.17798428483076,399.3615417480469,53515300,0.0,0.0
2026-02-09 00:00:00-05:00,403.0550898097971,413.05058563481117,399.0927243377603,411.76629638671875,45480500,0.0,0.0
2026-02-10 00:00:00-05:00,417.75959730190846,421.80159473973595,410.8702943432265,411.437744140625,44857900,0.0,0.0
2026-02-11 00:00:00-05:00,414.3348470778888,414.61360447479314,399.23212070980424,402.57720947265625,42491000,0.0,0.0
2026-02-12 00:00:00-05:00,403.20440420967,404.3990960787573,396.24540458526855,400.05841064453125,40802400,0.0,0.0
2026-02-13 00:00:00-05:00,402.65686886295305,403.7420326637702,396.2852191820681,399.5407409667969,34091600,0.0,0.0
2026-02-17 00:00:00-05:00,397.45004705087115,398.7442713079252,392.78083787972264,395.1004943847656,32078800,0.0,0.0
2026-02-18 00:00:00-05:00,396.3648852083561,400.77523739702553,394.5629123207548,397.828369140625,23223400,0.0,0.0
2026-02-19 00:00:00-05:00,399.82403795970674,403.55594539020564,395.8127368785549,397.5988464355469,28234000,0.91,0.0
2026-02-20 00:00:00-05:00,395.2539159508346,399.2552593187824,394.3059873534157,396.37152099609375,34015200,0.0,0.0
2026-02-23 00:00:00-05:00,394.14630950985264,394.50551684604494,382.27203437696886,383.6390686035156,43238300,0.0,0.0
2026-02-24 00:00:00-05:00,383.30981969967445,388.5185091169527,380.88504821898124,388.1593017578125,33884700,0.0,0.0
2026-02-25 00:00:00-05:00,389.68597856263057,400.60233728073825,389.31678308531696,399.7342224121094,43625500,0.0,0.0
2026-02-26 00:00:00-05:00,403.8353349281015,406.6093255926281,397.8782360341113,400.851806640625,34405900,0.0,0.0
2026-02-27 00:00:00-05:00,390.03523926255787,395.9624042352165,389.0374004516944,391.8912048339844,51367200,0.0,0.0
2026-03-02 00:00:00-05:00,392.01092411942045,400.32293811697235,389.78576315389057,397.6886291503906,35474900,0.0,0.0
2026-03-03 00:00:00-05:00,392.2903484387299,405.82103971635513,391.82136299902305,403.0570068359375,38199200,0.0,0.0
2026-03-04 00:00:00-05:00,400.4027502952161,410.14166638677375,399.44483360720756,404.32427978515625,35808000,0.0,0.0
2026-03-05 00:00:00-05:00,403.54596943015656,410.72040218284053,403.525993165685,409.79241943359375,39001300,0.0,0.0
2026-03-06 00:00:00-05:00,408.31564337314285,412.1572983375802,407.6271321747383,408.0761413574219,31123900,0.0,0.0
2026-03-09 00:00:00-04:00,404.044890641513,409.3234358422322,402.62794618065146,408.5251770019531,30131900,0.0,0.0
2026-03-10 00:00:00-04:00,409.1438479339772,409.31349393117443,402.05918625996463,404.8830871582031,31706400,0.0,0.0
2026-03-11 00:00:00-04:00,404.6934855668013,408.1260534422115,400.7220762180728,404.0049743652344,25512100,0.0,0.0
2026-03-12 00:00:00-04:00,403.7555185610488,405.2422886286942,400.84181586601125,400.9914855957031,27263900,0.0,0.0
2026-03-13 00:00:00-04:00,400.13336309353434,403.9251383935716,393.3979511212616,394.69512939453125,26848000,0.0,0.0
2026-03-16 00:00:00-04:00,397.209690545171,399.7641553863696,393.9367805641587,399.08563232421875,27733700,0.0,0.0
2026-03-17 00:00:00-04:00,399.4049101655112,403.5259891234105,396.8903674487218,398.5467834472656,26228300,0.0,0.0
2026-03-18 00:00:00-04:00,396.271723303423,397.13983817793417,390.1549666521916,390.9432678222656,25908500,0.0,0.0
2026-03-19 00:00:00-04:00,389.2569126674818,391.6417315076428,386.2234742615233,388.1792297363281,25138800,0.0,0.0
2026-03-20 00:00:00-04:00,385.95408868282834,386.16362631018524,379.29849030352204,381.0447082519531,50853200,0.0,0.0
2026-03-23 00:00:00-04:00,383.07032058481127,386.3731646745857,380.85511716508233,382.1722717285156,29680100,0.0,0.0
2026-03-24 00:00:00-04:00,381.53362193174286,381.6434000325674,371.04635704379217,371.9344177246094,42733600,0.0,0.0
2026-03-25 00:00:00-04:00,376.10542586510894,376.2451074667104,368.831172255135,370.2381286621094,31181200,0.0,0.0
2026-03-26 00:00:00-04:00,370.01860155518807,373.9101668945663,364.4007640805619,365.1790771484375,36836600,0.0,0.0
2026-03-27 00:00:00-04:00,361.11784971721505,361.6666793192034,355.73951450811694,355.9989318847656,37883400,0.0,0.0
2026-03-30 00:00:00-04:00,361.1178525849577,364.5703662773937,355.51000344849933,358.1842041015625,44797000,0.0,0.0
2026-03-31 00:00:00-04:00,363.7621155862403,372.09407550142714,362.28533367877645,369.3699951171875,45244400,0.0,0.0
2026-04-01 00:00:00-04:00,372.682807332766,373.1817267376728,367.4042619540212,368.57171630859375,29417200,0.0,0.0
2026-04-02 00:00:00-04:00,366.41637016886637,372.83249667260446,363.3629859357669,372.6528625488281,24099100,0.0,0.0
2026-04-06 00:00:00-04:00,372.682794233078,372.92229624611906,368.70142726638517,372.0741271972656,16146600,0.0,0.0
2026-04-07 00:00:00-04:00,369.5396147715723,371.64507045865594,365.7677853538718,371.48541259765625,21443300,0.0,0.0
2026-04-08 00:00:00-04:00,384.148004001906,384.167949815935,370.6073237610428,373.52099609375,33064800,0.0,0.0
2026-04-09 00:00:00-04:00,371.6949574789129,372.6927962909368,366.2567237727329,372.26373291015625,30435300,0.0,0.0
2026-04-10 00:00:00-04:00,372.17393720824543,374.8281921461914,369.23030048358606,370.0684814453125,28111100,0.0,0.0
2026-04-13 00:00:00-04:00,372.8025510733858,383.70895264062807,370.2181521550117,383.539306640625,35745800,0.0,0.0
2026-04-14 00:00:00-04:00,387.0816509997633,393.83700889302276,385.684652281273,392.2604064941406,37504500,0.0,0.0
2026-04-15 00:00:00-04:00,397.1398382929036,413.47445440771634,395.8725939925935,410.3312683105469,45063400,0.0,0.0
2026-04-16 00:00:00-04:00,418.95258572248235,419.9105328997013,411.2492993874727,419.35174560546875,41642400,0.0,0.0
2026-04-17 00:00:00-04:00,423.9018933176335,430.64726300981,419.78081413338697,421.87628173828125,48568200,0.0,0.0
2026-04-20 00:00:00-04:00,420.2398034863272,422.4150847565369,415.40027922801784,417.1664733886719,27582200,0.0,0.0
2026-04-21 00:00:00-04:00,419.33177508554746,426.25677891783357,416.2983670043314,423.2433166503906,32048500,0.0,0.0
2026-04-22 00:00:00-04:00,425.2689090952171,432.7626880248645,422.7543663498755,431.984375,29378200,0.0,0.0
2026-04-23 00:00:00-04:00,418.9825380949446,422.7443793162959,410.5208543154444,414.8514709472656,38308000,0.0,0.0
2026-04-24 00:00:00-04:00,416.0688403922519,424.0316048781353,414.9013556123021,423.7023010253906,27457400,0.0,0.0
2026-04-27 00:00:00-04:00,421.46715688013995,426.1869149113369,416.1686352924954,423.9018859863281,30867300,0.0,0.0
2026-04-28 00:00:00-04:00,423.6524179624475,428.99086152362304,420.9881750222059,428.3222961425781,30438100,0.0,0.0
2026-04-29 00:00:00-04:00,423.6623688360089,425.8975483734993,419.38166246548025,423.5426330566406,38288300,0.0,0.0
2026-04-30 00:00:00-04:00,409.92216255995794,413.5243765293071,397.1498378648014,406.8987121582031,70909400,0.0,0.0
2026-05-01 00:00:00-04:00,411.9078412872606,416.2085240460113,409.5529563541748,413.5443115234375,31372400,0.0,0.0
2026-05-04 00:00:00-04:00,410.6505829404435,419.87060358807366,409.91216153093814,412.72607421875,28066500,0.0,0.0
2026-05-05 00:00:00-04:00,414.42242364358015,415.8792597859335,407.916495085617,410.4909362792969,25700900,0.0,0.0
2026-05-06 00:00:00-04:00,407.11822745622237,417.51572107575487,404.23445872829495,413.0653381347656,30285900,0.0,0.0
2026-05-07 00:00:00-04:00,419.2020489501835,427.05506598481406,417.8549909144547,419.8606262207031,34942400,0.0,0.0
2026-05-08 00:00:00-04:00,416.48795292910256,417.7252633012779,413.105264767488,414.22283935546875,33383800,0.0,0.0
2026-05-11 00:00:00-04:00,406.9885016374445,411.79809190456297,404.6236285818644,411.7681579589844,35657900,0.0,0.0
2026-05-12 00:00:00-04:00,413.58422243338293,414.6020070114768,405.76117016707224,406.8887023925781,38594200,0.0,0.0
2026-05-13 00:00:00-04:00,402.3286237155428,405.4318878236479,400.1633000811369,404.3342590332031,29667100,0.0,0.0
2026-05-14 00:00:00-04:00,403.6058516736889,410.94993067744383,400.013625877668,408.5451354980469,27077500,0.0,0.0
2026-05-15 00:00:00-04:00,413.3746572242232,427.24464052002446,412.01761111071977,421.0081481933594,50771200,0.0,0.0
2026-05-18 00:00:00-04:00,415.71960624154525,424.2012362508279,414.7117792841577,422.6246643066406,32564100,0.0,0.0
2026-05-19 00:00:00-04:00,428.9708919761278,431.7648588737268,415.58987007798993,416.51788330078125,33018700,0.0,0.0
2026-05-20 00:00:00-04:00,413.2749005432513,421.18775475321456,410.4110776678385,420.1499938964844,27864000,0.0,0.0
2026-05-21 00:00:00-04:00,424.75,426.3399963378906,415.7099914550781,419.0899963378906,31393500,0.91,0.0
2026-05-22 00:00:00-04:00,419.5400085449219,424.3999938964844,416.3299865722656,418.57000732421875,22390300,0.0,0.0
2026-05-26 00:00:00-04:00,416.42999267578125,419.7699890136719,413.0199890136719,416.0299987792969,30398000,0.0,0.0
2026-05-27 00:00:00-04:00,411.010009765625,415.94000244140625,409.5799865722656,412.6700134277344,28901500,0.0,0.0
2026-05-28 00:00:00-04:00,412.9800109863281,429.489990234375,412.6700134277344,426.989990234375,47250500,0.0,0.0
2026-05-29 00:00:00-04:00,432.54998779296875,450.3299865722656,432.3599853515625,450.239990234375,79522600,0.0,0.0
